Date,Demand,Demand_with_Trend
2019-01-01,23.8314679692528,23.8314679692528
2019-01-02,29.67925112221289,29.720347012623847
2019-01-03,27.57803775423032,27.66022953505224
2019-01-04,26.330596975981965,26.453884647214842
2019-01-05,21.990010398111597,22.15439395975543
2019-01-06,22.0754536905992,22.280933142653996
2019-01-07,21.181876346178758,21.42845168864451
2019-01-08,29.348155318315676,29.635826551192388
2019-01-09,26.782694220753495,27.111461344041167
2019-01-10,27.93719149886784,28.30705451256647
2019-01-11,21.146978492174245,21.557937396283833
2019-01-12,30.724621020963042,31.17667581548359
2019-01-13,29.434033973025045,29.927184657956552
2019-01-14,23.31675493681251,23.851001512154976
2019-01-15,23.09501614765194,23.670358613405366
2019-01-16,23.193835886204866,23.81027424236925
2019-01-17,24.48483459399842,25.142368840573763
2019-01-18,26.772170439603823,27.470800576590126
2019-01-19,25.92579849488298,26.66552452228024
2019-01-20,24.599905899950986,25.380727817759205
2019-01-21,27.886909558105653,28.708827366324833
2019-01-22,23.243561320973786,24.106575019603923
2019-01-23,24.849763516570217,25.753873105611312
2019-01-24,25.671058378966784,26.61626385841884
2019-01-25,26.646667855231946,27.63296922509496
2019-01-26,30.015637576682295,31.043034836956267
2019-01-27,24.23788453028565,25.306377680970584
2019-01-28,27.46009573865037,28.56968477974626
2019-01-29,28.317814889199365,29.468499820706214
2019-01-30,22.933381877999864,24.125162699917674
2019-01-31,28.618803238274904,29.85167995060367
2019-02-01,24.322319273700668,25.596291876440393
2019-02-02,23.340541787544293,24.65561028069498
2019-02-03,32.251031938371426,33.60719632193307
2019-02-04,32.48982911220118,33.887089386173784
2019-02-05,30.987974848433616,32.42633101281718
2019-02-06,26.01977112653752,27.49922318133204
2019-02-07,24.01910549063947,25.539653435844947
2019-02-08,29.952564007325904,31.51420784294234
2019-02-09,27.578686441846898,29.181426167874296
2019-02-10,24.463530153622695,26.10736577006105
2019-02-11,28.259942192324093,29.944873699173407
2019-02-12,23.71610330531691,25.442130702577185
2019-02-13,32.528467856906154,34.295591144577386
2019-02-14,26.085091451258407,27.893310629340597
2019-02-15,30.183505954948693,32.03282102344184
2019-02-16,26.735330952373673,28.625741911277782
2019-02-17,28.877765326598038,30.809272175913105
2019-02-18,29.201963231915574,31.174565971641602
2019-02-19,25.640073597648083,27.65377222778507
2019-02-20,33.54292041206527,35.597714932613215
2019-02-21,31.652807488965024,33.748697899923926
2019-02-22,33.34971769942578,35.48670400079564
2019-02-23,32.95507894514987,35.133161136930696
2019-02-24,30.036695083147656,32.25587316533944
2019-02-25,33.32612511674324,35.58639908934598
2019-02-26,25.040778152348235,27.342148015361932
2019-02-27,26.162920652363844,28.505386405788503
2019-02-28,24.70135834674302,27.084919990578637
2019-03-01,27.547123099011657,29.97178063325823
2019-03-02,28.224054670542806,30.68980809520034
2019-03-03,27.092948843460174,29.599798158528667
2019-03-04,32.707712641236114,35.255657846715565
2019-03-05,28.027439999233636,30.616481095124048
2019-03-06,27.307499445135026,29.937636431436395
2019-03-07,29.962029895595663,32.633262772307994
2019-03-08,25.979882190674296,28.692210957797585
2019-03-09,32.62682624612357,35.38025090365782
2019-03-10,25.38321485469369,28.177735402638895
2019-03-11,34.5380555101198,37.37367194847596
2019-03-12,32.42172798267605,35.29844031144317
2019-03-13,26.715138752477436,29.632946971655517
2019-03-14,24.810503752711792,27.769407862300834
2019-03-15,32.935788417507865,35.935788417507865
2019-03-16,31.874222357837674,34.91531824824863
2019-03-17,32.11877136868415,35.200963149506066
2019-03-18,32.56302307611699,35.686310747349864
2019-03-19,25.610948793203004,28.77533235484684
2019-03-20,28.473898992971012,31.679378445025808
2019-03-21,26.065222946609342,29.311798289075096
2019-03-22,33.5534033425164,36.84107457539311
2019-03-23,31.16972848024551,34.49849560353318
2019-03-24,28.25864272396326,31.62850573766189
2019-03-25,25.596694549949895,29.007653454059483
2019-03-26,28.080912751626386,31.532967546146935
2019-03-27,28.231428201003368,31.724578885934875
2019-03-28,32.28268664892141,35.81693322426388
2019-03-29,31.367751819329953,34.943094285083376
2019-03-30,33.86837748196168,37.48481583812606
2019-03-31,29.720991761518945,33.37852600809429
2019-04-01,26.195896158063967,29.89452629505027
2019-04-02,32.13203116550363,35.871757192900894
2019-04-03,32.60558188960576,36.38640380741398
2019-04-04,30.60717055362013,34.429088361839305
2019-04-05,32.69925760387257,36.5622713025027
2019-04-06,29.92125047241476,33.825360061455854
2019-04-07,30.20285484932343,34.148060328775486
2019-04-08,29.241694429922568,33.22799579978558
2019-04-09,25.209761587408224,29.237158847682196
2019-04-10,26.022302221094748,30.090795371779677
2019-04-11,25.244032606686496,29.353621647782386
2019-04-12,31.278736872537714,35.429421804044566
2019-04-13,28.041628268990717,32.23340909090852
2019-04-14,29.96575966480887,34.19863637713764
2019-04-15,33.93625572240624,38.21022832514596
2019-04-16,27.33261120660907,31.647679699759756
2019-04-17,28.921181973177042,33.27734635673868
2019-04-18,32.34910047036697,36.74636074433957
2019-04-19,27.056386638068453,31.494742802452016
2019-04-20,25.511606998348785,29.991059053143307
2019-04-21,27.611320246089782,32.13186819129526
2019-04-22,26.296619604017202,30.85826343963364
2019-04-23,33.950596178615626,38.55333590464302
2019-04-24,32.70265740660964,37.346493023048
2019-04-25,30.921955695401206,35.60688720225052
2019-04-26,33.267629052348255,37.99365644960853
2019-04-27,32.55349978061457,37.320623068285805
2019-04-28,26.344897042534907,31.1531162206171
2019-04-29,33.365876598047244,38.21519166654039
2019-04-30,29.793483439024186,34.6838943979283
2019-05-01,32.432933145187235,37.364439994502305
2019-05-02,33.276623639484484,38.24922637921051
2019-05-03,27.451645598467774,32.46534422860476
2019-05-04,25.326764532042084,30.381559052590028
2019-05-05,26.4589790225126,31.554869433471506
2019-05-06,28.40284887988211,33.53983518125197
2019-05-07,32.26283791645451,37.44092010823533
2019-05-08,32.63970556416815,37.858883646359935
2019-05-09,24.050435624224985,29.310709596827724
2019-05-10,29.03572230116923,34.33709216418293
2019-05-11,28.048530238322993,33.39099599174765
2019-05-12,26.040521168660018,31.424082812495634
2019-05-13,24.96198781099687,30.386645345243444
2019-05-14,27.08226176827926,32.548015192936795
2019-05-15,33.076884809557626,38.58373412462612
2019-05-16,26.82041388858736,32.36835909406681
2019-05-17,28.71582426796955,34.30486536385996
2019-05-18,30.496595723386665,36.126732709688035
2019-05-19,27.04016307117802,32.71139594789035
2019-05-20,33.058140148277275,38.77046891540056
2019-05-21,32.90025473546654,38.653679393000786
2019-05-22,25.728096524436463,31.522617072381667
2019-05-23,28.116299131903027,33.95191557025919
2019-05-24,26.085206097984337,31.96191842675146
2019-05-25,25.856525259899286,31.774333479077367
2019-05-26,23.307795735007694,29.266699844596737
2019-05-27,28.96450467932059,34.96450467932059
2019-05-28,27.824736544339498,33.86583243475046
2019-05-29,23.240989705203148,29.323181486025064
2019-05-30,25.44011488317578,31.563402554408658
2019-05-31,31.6629708147458,37.827354376389636
2019-06-01,24.901827973898605,31.1073074259534
2019-06-02,23.88031225645568,30.126887598921435
2019-06-03,27.25032514114495,33.53799637402166
2019-06-04,32.1360380086483,38.46480513193597
2019-06-05,24.623146636867478,30.99300965056611
2019-06-06,28.846357173906558,35.257316078016146
2019-06-07,29.662975947365283,36.11503074188583
2019-06-08,24.34432682320633,30.837477508137837
2019-06-09,29.170703312138418,35.704949887480886
2019-06-10,25.48639998084137,32.06174244659479
2019-06-11,28.05111986928946,34.667558225453845
2019-06-12,27.9823395187316,34.639873765306945
2019-06-13,26.92328204542672,33.62191218241302
2019-06-14,22.386461796911536,29.126187824308797
2019-06-15,29.75417833188846,36.53500024969668
2019-06-16,24.526128113357395,31.34804592157657
2019-06-17,23.10029600640322,29.963309705033357
2019-06-18,21.5592797667007,28.463389355741796
2019-06-19,26.976534009081398,33.921739488533454
2019-06-20,27.75900806739071,34.745309437253724
2019-06-21,21.064711217906375,28.092108478180347
2019-06-22,25.934965647685395,33.003458798370325
2019-06-23,22.993953736578757,30.103542777674647
2019-06-24,27.095468791357405,34.24615372286425
2019-06-25,22.30195932565839,29.493740147576197
2019-06-26,27.382061130110657,34.614937842439424
2019-06-27,24.25428585917269,31.528258461912415
2019-06-28,29.66836627419631,36.98343476734699
2019-06-29,21.590320606482585,28.94648499004423
2019-06-30,23.53975571163825,30.937015985610852
2019-07-01,21.177770196849334,28.616126361232894
2019-07-02,29.203901198342187,36.68335325313671
2019-07-03,28.644301332674146,36.164849277879625
2019-07-04,22.364305112128903,29.92594894774534
2019-07-05,26.298774073512824,33.90151379954022
2019-07-06,27.78528960584484,35.4291252222832
2019-07-07,25.07932436690863,32.764255873757946
2019-07-08,24.73821074795159,32.464238145211866
2019-07-09,21.77478202174161,29.541905309412844
2019-07-10,20.20203169345962,28.01025087154181
2019-07-11,28.158122514840684,36.00743758333383
2019-07-12,28.105347643005494,35.9957586019096
2019-07-13,25.3476501237648,33.27915697307987
2019-07-14,22.32269333328803,30.295296073014057
2019-07-15,22.340567394973547,30.354266025110533
2019-07-16,26.024445886297716,34.07924040684566
2019-07-17,27.652775135885737,35.74866554684464
2019-07-18,27.46971086665509,35.60669716802495
2019-07-19,26.315191362208786,34.49327355398961
2019-07-20,24.854781256863745,33.07395933905553
2019-07-21,19.194357238827838,27.454631211430577
2019-07-22,19.888225577592472,28.18959544060617
2019-07-23,27.176973231621957,35.51943898504661
2019-07-24,24.175750770576077,32.55931241441169
2019-07-25,18.124019132883962,26.548676667130536
2019-07-26,18.967935634582215,27.433689059239747
2019-07-27,24.51001599123279,33.016865306301284
2019-07-28,17.84802191670971,26.39596712218916
2019-07-29,19.328547046632693,27.9175881425231
2019-07-30,23.131540355296544,31.761677341597913
2019-07-31,24.48758844138348,33.158821318095804
2019-08-01,24.01340352779713,32.72573229492042
2019-08-02,19.662381139526335,28.41580579706058
2019-08-03,24.468141972665695,33.2626625206109
2019-08-04,19.646288682264746,28.481905120620908
2019-08-05,20.456050669541796,29.33276299830892
2019-08-06,24.59605271165862,33.5138609308367
2019-08-07,23.55740272900978,32.51630683859882
2019-08-08,25.484113788817165,34.48411378881717
2019-08-09,23.499705923186795,32.54080181359775
2019-08-10,22.539271960375544,31.62146374119746
2019-08-11,17.726474112098106,26.849761783330983
2019-08-12,20.40137624454891,29.565759806192744
2019-08-13,19.311704355749587,28.51718380780438
2019-08-14,19.036029386405755,28.282604728871508
2019-08-15,26.263699413089572,35.55137064596629
2019-08-16,20.403059196131714,29.731826319419383
2019-08-17,25.332080983391325,34.701943997089955
2019-08-18,22.663598489540192,32.07455739364978
2019-08-19,24.242002981173506,33.694057775694056
2019-08-20,21.26303679339188,30.756187478323387
2019-08-21,21.949595782310876,31.48384235765334
2019-08-22,21.050756731353435,30.62609919710686
2019-08-23,18.024180602586874,27.640618958751258
2019-08-24,23.24360683370198,32.90114108027732
2019-08-25,18.775323892803833,28.473954029790136
2019-08-26,16.16046940708496,25.90019543448222
2019-08-27,22.32295196545213,32.103773883260345
2019-08-28,17.59147939697731,27.41339720519649
2019-08-29,25.17834055676383,35.04135425539397
2019-08-30,25.26767492127674,35.171784510317835
2019-08-31,24.832933261954928,34.778138741406984
2019-09-01,19.343055409007835,29.329356778870846
2019-09-02,15.754505145420996,25.781902405694968
2019-09-03,24.842899012729788,34.91139216341472
2019-09-04,19.8026450294986,29.912234070594486
2019-09-05,25.149769178813276,35.300454110320125
2019-09-06,25.083176620421447,35.27495744233926
2019-09-07,23.942176424376633,34.1750531367054
2019-09-08,18.32303530973039,28.597007912470115
2019-09-09,19.197357630829355,29.512426123980042
2019-09-10,23.82695998369141,34.18312436725305
2019-09-11,18.455414334610673,28.852674608583275
2019-09-12,16.953119566800066,27.391475731183625
2019-09-13,20.799607641431276,31.279059696225794
2019-09-14,24.56795865667133,35.08850660187681
2019-09-15,22.142945223928987,32.70458905954543
2019-09-16,20.86092278577333,31.463662511800727
2019-09-17,16.11117395456238,26.755009571000734
2019-09-18,21.27001951382986,31.954951020679175
2019-09-19,25.002470042815183,35.72849744007546
2019-09-20,16.486207392465328,27.25333068013656
2019-09-21,20.253555773818217,31.06177495190041
2019-09-22,23.830342768117852,34.679657836611
2019-09-23,22.45211585757477,33.34252681647888
2019-09-24,22.00387316361561,32.93538001293068
2019-09-25,22.049314284367604,33.02191702409363
2019-09-26,18.6116170034267,29.625315633563687
2019-09-27,17.946332638317973,29.00112715886592
2019-09-28,23.099212976859967,34.19510338781887
2019-09-29,23.103402543355024,34.24038884472489
2019-09-30,23.67113989252735,34.84922208430817
2019-10-01,24.132451826883763,35.35162990907554
2019-10-02,20.114581478709923,31.374855451312662
2019-10-03,20.01891289067358,31.320282753687277
2019-10-04,22.99077468388993,34.333240437314586
2019-10-05,21.513014442236873,32.896576086072486
2019-10-06,22.040073791841138,33.464731326087716
2019-10-07,22.98683715989125,34.45259058454879
2019-10-08,23.938942371086,35.44579168615449
2019-10-09,18.430289093078592,29.978234298558043
2019-10-10,18.819082314429508,30.408123410319917
2019-10-11,16.01745031464823,27.6475873009496
2019-10-12,20.876269058603693,32.54750193531602
2019-10-13,15.470181030439136,27.182509797562425
2019-10-14,19.7854779054625,31.538902562996746
2019-10-15,20.576126737818228,32.37064728576343
2019-10-16,18.03671283300857,29.872329271364734
2019-10-17,21.102683686328604,32.97939601509573
2019-10-18,15.523828366430966,27.441636585609047
2019-10-19,15.618199306016376,27.577103415605414
2019-10-20,23.49802366946087,35.49802366946087
2019-10-21,18.902626124403152,30.94372201481411
2019-10-22,16.601418982404223,28.68361076322614
2019-10-23,20.58472418265206,32.70801185388494
2019-10-24,23.095079092402933,35.25946265404677
2019-10-25,17.587570334041764,29.79304978609656
2019-10-26,21.693835694176823,33.94041103664257
2019-10-27,16.355320301676464,28.642991534553175
2019-10-28,16.056910479388335,28.385677602676004
2019-10-29,20.89320876596466,33.26307177966329
2019-10-30,21.02689269037985,33.43785159448944
2019-10-31,22.03701724133408,34.489072035854626
2019-11-01,22.9670935458476,35.46024423077911
2019-11-02,25.509435336987707,38.04368191233017
2019-11-03,20.95991145483956,33.535253920592986
2019-11-04,19.073711597583422,31.690149953747806
2019-11-05,23.844479181174965,36.502013427750306
2019-11-06,18.65062721758394,31.34925735457024
2019-11-07,20.382908766182975,33.12263479358023
2019-11-08,16.829835529638775,29.610657447446993
2019-11-09,16.352028178800694,29.17394598701987
2019-11-10,25.77941001235956,38.642423710989696
2019-11-11,24.568272162729244,37.47238175177034
2019-11-12,23.224881622454205,36.17008710190626
2019-11-13,20.41244432932277,33.39874569918578
2019-11-14,18.114723009228896,31.14212026950287
2019-11-15,18.006087315301983,31.074580465986912
2019-11-16,19.005137346387716,32.11472638748361
2019-11-17,22.057002810942866,35.207687742449714
2019-11-18,23.773741132835895,36.965521954753704
2019-11-19,23.29380067596592,36.52667738829469
2019-11-20,19.556191164284517,32.830163767024246
2019-11-21,26.371491302181056,39.68655979533174
2019-11-22,24.268735424753345,37.624899808314986
2019-11-23,22.501156174538377,35.89841644851098
2019-11-24,23.143574027539703,36.58193019192326
2019-11-25,21.291999257008893,34.77145131180341
2019-11-26,19.643801113555984,33.16434905876146
2019-11-27,20.797550220674516,34.35919405629095
2019-11-28,80.15286247814561,93.755602204173
2019-11-29,55.84824728027569,69.49208289671405
2019-11-30,70.36592896230363,84.05086046915294
2019-12-01,17.99114866941764,31.717176066677915
2019-12-02,18.01361882261076,31.78074211028199
2019-12-03,26.236854485595813,40.045073663678004
2019-12-04,24.795431885098182,38.64474695359133
2019-12-05,22.57786032812109,36.4682712870252
2019-12-06,18.89237359344843,32.823880442763496
2019-12-07,22.908718805138456,36.881321544864484
2019-12-08,22.80640067658762,36.82009930672461
2019-12-09,19.883395984646786,33.938190505194726
2019-12-10,22.57013588149787,36.66602629245677
2019-12-11,22.29743284600317,36.434419147373035
2019-12-12,24.552152672060338,38.73023486384116
2019-12-13,24.82633038539499,39.04550846758677
2019-12-14,19.010627933317398,33.27090190592014
2019-12-15,22.386335358594184,36.687705221607885
2019-12-16,24.98183268156142,39.324298434986076
2019-12-17,23.837998755771128,38.221560399606744
2019-12-18,27.45529084686239,41.87994838110896
2019-12-19,25.561413816846354,40.02716724150389
2019-12-20,20.68821072159808,35.195060036666575
2019-12-21,19.84922175309691,34.39716695857636
2019-12-22,25.652648678741752,40.241689774632164
2019-12-23,19.578719244849893,34.20885623115126
2019-12-24,84.61316085574578,99.2843937324581
2019-12-25,88.33127125911085,103.04360002623413
2019-12-26,100.51719778882732,115.27062244636156
2019-12-27,23.537687128053616,38.332207675998816
2019-12-28,26.174783848307264,41.010400286663426
2019-12-29,24.410420846801436,39.287133175568556
2019-12-30,25.370101112380173,40.287909331558254
2019-12-31,29.414648087765254,44.37355219735429
2020-01-01,23.947093158786917,38.94709315878691
2020-01-02,29.784013696352872,44.82510958676383
2020-01-03,29.311604755676907,44.393796536498826
2020-01-04,22.301923481904563,37.42521115313744
2020-01-05,21.123437002438887,36.28782056408272
2020-01-06,21.52328850101144,36.72876795306623
2020-01-07,20.78325848101226,36.029833823478015
2020-01-08,21.630823468125605,36.91849470100232
2020-01-09,27.601611837484974,42.93037896077264
2020-01-10,21.568352205509676,36.9382152192083
2020-01-11,24.130889852153835,39.54184875626342
2020-01-12,29.47427560903764,44.92633040355819
2020-01-13,21.342326922379087,36.835477607310594
2020-01-14,29.33804865591911,44.872295231261575
2020-01-15,24.095314223314933,39.67065668906836
2020-01-16,22.54143906388709,38.15787742005147
2020-01-17,28.409783818044552,44.0673180646199
2020-01-18,27.814034591080283,43.51266472806658
2020-01-19,30.381068443732353,46.120794471129614
2020-01-20,29.038324936009424,44.81914685381764
2020-01-21,29.803189914730346,45.62510772294952
2020-01-22,24.66896844016643,40.531982138796565
2020-01-23,23.702712469015264,39.60682205805636
2020-01-24,29.51358746243845,45.45879294189051
2020-01-25,30.154315405734224,46.14061677559724
2020-01-26,32.06892938275889,48.09632664303286
2020-01-27,26.36732347781632,42.43581662850125
2020-01-28,26.037932212442087,42.147521253537974
2020-01-29,30.15779880799891,46.30848373950576
2020-01-30,25.876913153330065,42.06869397524787
2020-01-31,31.850927975296166,48.083804687624934
2020-02-01,31.20120555525787,47.4751781579976
2020-02-02,26.97996613144168,43.29503462459236
2020-02-03,30.27088724375307,46.627051627314714
2020-02-04,30.37893752230241,46.776197796275014
2020-02-05,23.93524005562833,40.37359622001189
2020-02-06,31.999162501599482,48.47861455639401
2020-02-07,28.094908075054203,44.615456020259685
2020-02-08,31.374808403281754,47.93645223889819
2020-02-09,26.377657514757004,42.9803972407844
2020-02-10,32.19838009013691,48.84221570657526
2020-02-11,27.200189878553022,43.885121385402336
2020-02-12,23.48059460896771,40.20662200622799
2020-02-13,32.48908360031097,49.2562068879822
2020-02-14,24.41015840311957,41.218377581201764
2020-02-15,26.751419487313022,43.60073455580617
2020-02-16,33.11883986198761,50.00925082089172
2020-02-17,33.18315658419549,50.11466343351056
2020-02-18,29.469239319715637,46.44184205944167
2020-02-19,30.109901164090807,47.12359979422779
2020-02-20,28.331529354202885,45.38632387475083
2020-02-21,26.833586972334523,43.929477383293424
2020-02-22,27.241373737483045,44.378360038852904
2020-02-23,30.731990001643766,47.91007219342458
2020-02-24,31.581440589413603,48.80061867160538
2020-02-25,32.023173203770554,49.28344717637329
2020-02-26,32.05203455977458,49.35340442278828
2020-02-27,25.115153058659295,42.45761881208395
2020-02-28,29.193288504663457,46.57685014849908
2020-02-29,24.869407391545458,42.29406492579203
2020-03-01,29.83257059688534,47.29832402154287
2020-03-02,28.794763539454983,46.301612854523476
2020-03-03,33.29737937729982,50.84532458277927
2020-03-04,27.96905685781853,45.55809795370894
2020-03-05,25.668824512537274,43.29896149883864
2020-03-06,25.964985884541537,43.636218761253865
2020-03-07,32.18574625810139,49.89807502522467
2020-03-08,30.787037071745786,48.54046172928003
2020-03-09,25.648935179123885,43.44345572706909
2020-03-10,25.5102542052646,43.34587064362076
2020-03-11,31.70897160430068,49.5856839330678
2020-03-12,25.45561200077765,43.37342021995573
2020-03-13,32.97388317437933,50.932787283968366
2020-03-14,31.84359640452449,49.84359640452449
2020-03-15,25.6191367257805,43.66023261619146
2020-03-16,25.677076829126193,43.75926860994811
2020-03-17,34.716715394269286,52.84000306550216
2020-03-18,28.613210233423302,46.77759379506713
2020-03-19,28.595663178197192,46.80114263025199
2020-03-20,33.03452802393307,51.281103366398824
2020-03-21,34.39485485759905,52.68252609047576
2020-03-22,34.79675785019864,53.12552497348631
2020-03-23,32.48344432802618,50.853307341724815
2020-03-24,28.723706902398817,47.13466580650841
2020-03-25,25.80609670145645,44.258151495976996
2020-03-26,32.751064140010264,51.24421482494177
2020-03-27,30.570667362898824,49.10491393824129
2020-03-28,29.234397198247585,47.80973966400101
2020-03-29,34.059793907145774,52.676232263310155
2020-03-30,26.110817332960966,44.76835157953631
2020-03-31,29.926204741589544,48.62483487857584
2020-04-01,25.113119740947877,43.852845768345134
2020-04-02,29.68433782337805,48.46515974118627
2020-04-03,25.55743133474354,44.37934914296272
2020-04-04,26.17776496700768,45.040778665637816
2020-04-05,26.1585569765419,45.062666565582994
2020-04-06,31.467629576664123,50.41283505611618
2020-04-07,32.4267330389913,51.413034408854315
2020-04-08,30.78925797093887,49.81665523121284
2020-04-09,34.56511343590712,53.63360658659205
2020-04-10,28.678446545056193,47.788035586152084
2020-04-11,27.771753622718517,46.922438554225366
2020-04-12,33.58405974012205,52.77584056203986
2020-04-13,27.116011138356367,46.34888785068513
2020-04-14,34.49281637755142,53.766788980291146
2020-04-15,24.961233662018483,44.27630215516916
2020-04-16,34.51614100989713,53.872305393458774
2020-04-17,25.225188204442244,44.622448478414846
2020-04-18,33.67983612013294,53.118192284516496
2020-04-19,30.018818990923855,49.498271045718376
2020-04-20,34.64345367814511,54.164001623350586
2020-04-21,25.422372378831145,44.98401621444758
2020-04-22,30.192162499203103,49.7949022252305
2020-04-23,34.31447896715646,53.95831458359481
2020-04-24,29.818896571998458,49.503828078847775
2020-04-25,30.847009531823705,50.57303692908398
2020-04-26,31.474265901469593,51.241389189140826
2020-04-27,29.02460710135228,48.83282627943447
2020-04-28,30.7158674139881,50.56518248248125
2020-04-29,30.24320413909868,50.13361509800279
2020-04-30,33.3701116984565,53.30161854777157
2020-05-01,24.770174443664136,44.74277718339016
2020-05-02,27.081242744671435,47.09494137480842
2020-05-03,33.7303601275309,53.785154648078844
2020-05-04,33.08226523600235,53.17815564696125
2020-05-05,28.688338521476677,48.82532482284654
2020-05-06,30.28401623524495,50.462098427025765
2020-05-07,26.80621156141605,47.025389643607824
2020-05-08,25.862125916150692,46.122399888753435
2020-05-09,28.565233324793393,48.86660318780709
2020-05-10,27.40794248709573,47.750408240520386
2020-05-11,29.656004182461437,50.03956582629705
2020-05-12,24.54068050730989,44.965338041556464
2020-05-13,33.450058130904644,53.91581155556217
2020-05-14,33.50989521522847,54.01674453029696
2020-05-15,30.57000170857726,51.11794691405671
2020-05-16,28.888881713977092,49.4779228098675
2020-05-17,26.561682297298166,47.191819283599536
2020-05-18,31.541817244454567,52.213050121166894
2020-05-19,30.187631046606462,50.89995981372975
2020-05-20,24.90195117949434,45.655375837028586
2020-05-21,32.31954541112125,53.11406595906645
2020-05-22,31.369186502210862,52.20480294056702
2020-05-23,32.574422132735876,53.451134461503
2020-05-24,30.265315400008213,51.18312361918629
2020-05-25,29.073078220820264,50.031982330409306
2020-05-26,27.05129170242781,48.05129170242781
2020-05-27,32.125231145591016,53.166327036001974
2020-05-28,31.38684108770734,52.469032868529254
2020-05-29,23.105836941871562,44.22912461310444
2020-05-30,22.843981700051785,44.008365261695616
2020-05-31,26.270842736009378,47.476322188064174
2020-06-01,30.53689684336178,51.783472185827534
2020-06-02,32.22855883151877,53.51623006439548
2020-06-03,23.783702378577576,45.11246950186525
2020-06-04,28.143901075273824,49.51376408897245
2020-06-05,25.933910266157987,47.34486917026757
2020-06-06,31.74592377222414,53.19797856674468
2020-06-07,30.38914061463942,51.88229129957092
2020-06-08,30.271826873131204,51.80607344847367
2020-06-09,26.49550025159854,48.070842717351965
2020-06-10,25.876256586730317,47.4926949428947
2020-06-11,24.381113130429714,46.038647377005056
2020-06-12,22.12929017118841,43.82792030817471
2020-06-13,30.130787858917984,51.870513886315244
2020-06-14,29.53016346729686,51.31098538510508
2020-06-15,31.31550419650134,53.13742200472052
2020-06-16,31.201479273143732,53.06449297177387
2020-06-17,26.705845407179336,48.60995499622043
2020-06-18,28.757478729004085,50.702684208456134
2020-06-19,30.431021747792165,52.41732311765518
2020-06-20,29.395306835401925,51.4227040956759
2020-06-21,23.28751608212456,45.35600923280949
2020-06-22,25.23443733770031,47.3440263787962
2020-06-23,21.935335038777858,44.08601997028471
2020-06-24,30.0988053081957,52.29058613011351
2020-06-25,26.534430093594796,48.76730680592357
2020-06-26,22.67336045120194,44.94733305394166
2020-06-27,27.01807323088753,49.333141724038214
2020-06-28,26.39639356960161,48.75255795316325
2020-06-29,23.71071938146407,46.10797965543667
2020-06-30,21.178610906439737,43.61696707082329
2020-07-01,26.672696971484555,49.152149026279076
2020-07-02,25.07398480790227,47.59453275310775
2020-07-03,27.508072752333742,50.06971658795018
2020-07-04,24.90056862429097,47.50330835031836
2020-07-05,28.134882607018085,50.77871822345644
2020-07-06,25.04638463865886,47.731316145508174
2020-07-07,25.05108467974539,47.77711207700566
2020-07-08,28.122795139320544,50.88991842699178
2020-07-09,23.3058326775246,46.11405185560679
2020-07-10,20.526117219813823,43.37543228830697
2020-07-11,19.388993834505577,42.27940479340968
2020-07-12,26.56800810776831,49.49951495708338
2020-07-13,25.13549093633567,48.1080936760617
2020-07-14,25.889269329839173,48.90296795997616
2020-07-15,20.89453071268443,43.94932523323237
2020-07-16,20.045387292227662,43.14127770318656
2020-07-17,18.744293280682736,41.8812795820526
2020-07-18,22.022311491698517,45.200393683479334
2020-07-19,24.333641663867198,47.55281974605897
2020-07-20,22.275398039874673,45.53567201247741
2020-07-21,22.646687656883625,45.94805751989732
2020-07-22,27.233018291288644,50.5754840447133
2020-07-23,21.59401484421318,44.9775764880488
2020-07-24,23.171943508315774,46.59660104256235
2020-07-25,25.789750333333323,49.25550375799085
2020-07-26,21.840426123364935,45.34727543843343
2020-07-27,24.018273080526257,47.56621828600571
2020-07-28,26.344103619925157,49.933144715815565
2020-07-29,27.139408698207102,50.76954568450847
2020-07-30,19.03937127374693,42.71060415045926
2020-07-31,26.759667184386068,50.471995951509356
2020-08-01,22.34085097571612,46.09427563325036
2020-08-02,19.92879364217992,43.72331419012512
2020-08-03,21.865155369679357,45.70077180803552
2020-08-04,27.00237944080389,50.87909176957101
2020-08-05,22.057319600407073,45.975127819585154
2020-08-06,20.348589841412714,44.30749395100175
2020-08-07,23.325888227042643,47.32588822704264
2020-08-08,19.325033187965293,43.36612907837625
2020-08-09,17.614819208107466,41.69701098892938
2020-08-10,18.078523652923675,42.20181132415655
2020-08-11,18.0046766035323,42.169060165176134
2020-08-12,18.178707614055277,42.38418706611007
2020-08-13,17.98440467910902,42.23098002157477
2020-08-14,22.94234131359726,47.23001254647397
2020-08-15,18.29088279345556,42.61964991674323
2020-08-16,19.868288264858823,44.23815127855745
2020-08-17,25.32009632862768,49.73105523273727
2020-08-18,21.033506348385746,45.48556114290629
2020-08-19,22.91224324755023,47.405393932481736
2020-08-20,17.903755648063584,42.438002223406045
2020-08-21,18.048469981251504,42.62381244700492
2020-08-22,16.480436887271217,41.096875243435605
2020-08-23,17.70843631180857,42.36597055838391
2020-08-24,18.753503658714862,43.45213379570116
2020-08-25,17.687414585537887,42.42714061293515
2020-08-26,16.75525434395101,41.53607626175923
2020-08-27,17.026731313912826,41.848649122132
2020-08-28,20.381542393561944,45.244556092192084
2020-08-29,17.79172633530879,42.695835924349886
2020-08-30,19.326987970231198,44.27219344968325
2020-08-31,20.67564111500196,45.66194248486497
2020-09-01,22.503887266425977,47.53128452669995
2020-09-02,15.952834785263526,41.021327935948456
2020-09-03,23.514907535415883,48.624496576511774
2020-09-04,21.762224883285658,46.912909814792506
2020-09-05,16.26456716901764,41.45634799093544
2020-09-06,24.14786811077081,49.380744823099576
2020-09-07,24.587270394352664,49.86124299709239
2020-09-08,15.957159943358741,41.27222843650942
2020-09-09,18.08436974999488,43.440534133556525
2020-09-10,23.34820708097851,48.74546735495112
2020-09-11,22.740789003775724,48.17914516815928
2020-09-12,17.076805210411546,42.556257265206064
2020-09-13,17.29990414843062,42.8204520936361
2020-09-14,18.887368285093075,44.44901212070951
2020-09-15,20.00554093678989,45.608280662817286
2020-09-16,21.321956732157652,46.96579234859601
2020-09-17,18.80908364253588,44.49401514938519
2020-09-18,19.72727870310403,45.4533061003643
2020-09-19,22.560076621437652,48.327199909108884
2020-09-20,15.437091279086827,41.24531045716902
2020-09-21,17.580981492278504,43.43029656077165
2020-09-22,22.177925538878252,48.06833649778236
2020-09-23,23.985784130534924,49.917290979849994
2020-09-24,20.141247865653174,46.1138506053792
2020-09-25,20.337840343882306,46.35153897401929
2020-09-26,16.0821343090708,42.13692882961874
2020-09-27,19.47972509030938,45.57561550126828
2020-09-28,20.328441261113447,46.46542756248331
2020-09-29,17.425121743073607,43.60320393485443
2020-09-30,17.69247861081286,43.91165669300464
2020-10-01,18.773999121146772,45.03427309374951
2020-10-02,15.204461921578847,41.505831784592544
2020-10-03,18.228614550053962,44.57108030347862
2020-10-04,17.12785520442467,43.51141684826028
2020-10-05,18.29537854104325,44.720036075289826
2020-10-06,16.226531783722752,42.692285208380284
2020-10-07,23.944161760309285,50.45101107537778
2020-10-08,20.98626206010372,47.53420726558317
2020-10-09,21.854275979474963,48.44331707536537
2020-10-10,22.96934330231292,49.59948028861429
2020-10-11,20.077889637932525,46.74912251464485
2020-10-12,15.979961173345952,42.69228994046924
2020-10-13,20.500563142323376,47.253987799857626
2020-10-14,21.018091570951256,47.81261211889646
2020-10-15,22.625695053569025,49.46131149192519
2020-10-16,19.51094654293529,46.38765887170241
2020-10-17,16.494628894996108,43.41243711417419
2020-10-18,18.082476476511477,45.041380586100516
2020-10-19,18.902841026850638,45.90284102685064
2020-10-20,21.759892123606534,48.80098801401749
2020-10-21,21.038596902574493,48.12078868339641
2020-10-22,18.92325884108248,46.04654651231536
2020-10-23,25.26029604934662,52.42467961099045
2020-10-24,21.4871082526422,48.69258770469699
2020-10-25,17.837198853346763,45.083774195812516
2020-10-26,16.51967037794282,43.807341610819535
2020-10-27,17.06868465954558,44.397451782833244
2020-10-28,18.039239734128262,45.40910274782689
2020-10-29,17.227355206874343,44.63831411098393
2020-10-30,17.52838846686507,44.980443261385616
2020-10-31,18.557131895559458,46.050282580490965
2020-11-01,17.48465049530991,45.01889707065237
2020-11-02,24.76456221809186,52.33990468384528
2020-11-03,16.646484324787384,44.26292268095176
2020-11-04,21.137731129190474,48.795265375765815
2020-11-05,20.04627297485981,47.744903111846114
2020-11-06,25.816980728212677,53.55670675560994
2020-11-07,17.165660737896637,44.946482655704855
2020-11-08,20.077076735103535,47.898994543322715
2020-11-09,25.847630198333995,53.71064389696413
2020-11-10,24.86354221654699,52.76765180558809
2020-11-11,24.43586027101002,52.38106575046207
2020-11-12,18.90194315562947,46.88824452549248
2020-11-13,18.090655682421097,46.11805294269507
2020-11-14,23.128149087835432,51.19664223852036
2020-11-15,25.796468256017622,53.906057297113506
2020-11-16,22.13236509402096,50.283050025527814
2020-11-17,22.34390880053427,50.535689622452075
2020-11-18,19.49161784539145,47.72449455772021
2020-11-19,24.45178152674446,52.72575412948419
2020-11-20,18.693275981124348,47.008344474275034
2020-11-21,20.126558621838097,48.482723005399734
2020-11-22,21.21198003558854,49.609240309561144
2020-11-23,22.102470352040733,50.54082651642429
2020-11-24,19.520095956881796,47.99954801167631
2020-11-25,18.314859465936443,46.83540741114192
2020-11-26,90.66319036019556,119.224834195812
2020-11-27,79.32598360439546,107.92872333042286
2020-11-28,92.6631021069523,121.30693772339065
2020-11-29,19.000272433481502,47.685203940330815
2020-11-30,22.342523267748287,51.06855066500856
2020-12-01,22.932225124936917,51.699348412608146
2020-12-02,18.20048401371001,47.0087031917922
2020-12-03,21.124896073237153,49.9742111417303
2020-12-04,19.18026880663758,48.07067976554169
2020-12-05,18.547781691666092,47.47928854098116
2020-12-06,27.89216237786958,56.86476511759561
2020-12-07,21.295221418529195,50.30892004866618
2020-12-08,26.250121744092983,55.30491626464092
2020-12-09,20.77802593675578,49.87391634771468
2020-12-10,25.127412724268723,54.26439902563858
2020-12-11,25.99593029043504,55.17401248221586
2020-12-12,24.431781282796997,53.65095936498878
2020-12-13,23.273349721098533,52.53362369370127
2020-12-14,22.75861835380216,52.05998821681585
2020-12-15,22.21191618984901,51.55438194327367
2020-12-16,28.10192761244851,57.485489256284126
2020-12-17,27.196586512856456,56.62124404710303
2020-12-18,28.62474660732203,58.09050003197956
2020-12-19,20.30183868563923,49.80868800070772
2020-12-20,26.45220903112905,56.0001542366085
2020-12-21,28.611860464888977,58.200901560779386
2020-12-22,21.125936801090276,50.75607378739164
2020-12-23,20.06392244917101,49.73515532588334
2020-12-24,85.36412812461714,115.07645689174042
2020-12-25,85.97555132707444,115.7289759846087
2020-12-26,105.50982286360883,135.30434341155404
2020-12-27,21.139625430146626,50.97524186850279
2020-12-28,27.780565060485173,57.6572773892523
2020-12-29,21.93020641969827,51.84801463887635
2020-12-30,21.636559428657048,51.595463538246086
2020-12-31,21.7287247600891,51.7287247600891
2021-01-01,28.231813983092994,58.27290987350395
2021-01-02,26.82408026507573,56.906272045897644
2021-01-03,25.48875258380746,55.61204025504034
2021-01-04,23.932316975246625,54.09670053689046
2021-01-05,29.201829401818316,59.407308853873104
2021-01-06,24.439959561463528,54.686534903929285
2021-01-07,28.767034619212534,59.05470585208924
2021-01-08,25.077742946268508,55.40651006955618
2021-01-09,24.540988397570484,54.91085141126911
2021-01-10,25.483263577603452,55.894222481713044
2021-01-11,23.954912290857642,54.406967085378184
2021-01-12,28.501616301105607,58.99476698603711
2021-01-13,26.13681146594562,56.671058041288084
2021-01-14,23.515490781497924,54.09083324725135
2021-01-15,30.272512208326617,60.888950564491
2021-01-16,25.19870300140264,55.85623724797799
2021-01-17,26.877940775542932,57.576570912529235
2021-01-18,30.589327232926912,61.32905326032417
2021-01-19,27.848728267601743,58.62955018540996
2021-01-20,22.85659490505421,53.678512713273385
2021-01-21,31.16670184701661,62.029715545646745
2021-01-22,28.125703245167543,59.02981283420864
2021-01-23,25.277373177788895,56.222578657240945
2021-01-24,23.400160672663738,54.386462042526745
2021-01-25,30.026219905764545,61.05361716603852
2021-01-26,28.36460552203729,59.433098672722224
2021-01-27,27.57575762846527,58.685346669561156
2021-01-28,31.256677185023833,62.40736211653068
2021-01-29,30.279641312824246,61.471422134742056
2021-01-30,23.9856265481274,55.21850326045616
2021-01-31,25.660575397216004,56.934547999955726
2021-02-01,25.10196943497241,56.417037928123094
2021-02-02,30.129488783418267,61.48565316697991
2021-02-03,23.09750091319589,54.49476118716849
2021-02-04,28.532405630168753,59.97076179455232
2021-02-05,30.528588224675907,62.00804027947042
2021-02-06,31.74128980242131,63.261837747626785
2021-02-07,26.463201837734704,58.02484567335114
2021-02-08,31.322806788924467,62.92554651495186
2021-02-09,24.28347887400296,55.92731449044132
2021-02-10,31.70767072252009,63.3926022293694
2021-02-11,24.583059714531213,56.309087111791484
2021-02-12,27.3450909997684,59.11221428743963
2021-02-13,31.40821749391387,63.216436671996064
2021-02-14,24.996465908745975,56.84578097723912
2021-02-15,25.850797063735286,57.7412080226394
2021-02-16,30.840745875410224,62.77225272472529
2021-02-17,30.87745048028067,62.8500532200067
2021-02-18,30.14633676733575,62.16003539747274
2021-02-19,30.731013487063812,62.785808007611756
2021-02-20,29.27431856789565,61.37020897885455
2021-02-21,26.419469844423404,58.55645614579326
2021-02-22,27.41168821882308,59.5897704106039
2021-02-23,25.82278260888764,58.041960691079424
2021-02-24,33.142200908373084,65.40247488097583
2021-02-25,29.941300714173273,62.24267057718697
2021-02-26,28.16436729946544,60.506833052890094
2021-02-27,28.82315006461372,61.20671170844933
2021-02-28,33.721918853755795,66.14657638800236
2021-03-01,25.827333822539817,58.29308724719735
2021-03-02,30.199580093815957,62.706429408884446
2021-03-03,29.438345314565876,61.98629052004533
2021-03-04,30.5348799040633,63.12392099995371
2021-03-05,24.64100857050615,57.27114555680751
2021-03-06,33.219393437702735,65.89062631441506
2021-03-07,33.8562518888493,66.5685806559726
2021-03-08,30.22197177681876,62.975396434353
2021-03-09,31.571364677352094,64.36588522529729
2021-03-10,33.86270222966894,66.69831866802511
2021-03-11,31.74157248724861,64.61828481601573
2021-03-12,26.224670718852092,59.142478938030166
2021-03-13,30.490865538803845,63.44976964839289
2021-03-14,30.82243304530433,63.82243304530433
2021-03-15,29.022480845983388,62.063576736394346
2021-03-16,32.17009127560873,65.25228305643066
2021-03-17,34.17236983596442,67.29565750719729
2021-03-18,34.106004738325296,67.27038829996913
2021-03-19,29.378895989903423,62.584375441958215
2021-03-20,26.021622165935838,59.26819750840159
2021-03-21,34.75494434098139,68.0426155738581
2021-03-22,33.3113499482198,66.64011707150746
2021-03-23,26.1833740240026,59.55323703770122
2021-03-24,34.158081301610494,67.56904020572009
2021-03-25,33.660074667710944,67.1121294622315
2021-03-26,30.159470105730485,63.65262079066199
2021-03-27,30.89234933818519,64.42659591352765
2021-03-28,28.97665190424208,62.5519943699955
2021-03-29,25.539793493998133,59.15623185016251
2021-03-30,28.348222472657426,62.005756719232764
2021-03-31,33.027376995879564,66.72600713286587
2021-04-01,25.04627392872698,58.78599995612424
2021-04-02,28.33457501018513,62.115396927993345
2021-04-03,28.97941833934622,62.801336147565394
2021-04-04,30.368354607304397,64.23136830593452
2021-04-05,34.188141968454566,68.09225155749566
2021-04-06,28.44675445243046,62.39195993188252
2021-04-07,28.445058574465765,62.431359944328776
2021-04-08,32.34129672743455,66.36869398770853
2021-04-09,29.477749728865344,63.54624287955028
2021-04-10,27.189436180561522,61.29902522165741
2021-04-11,29.45413591114609,63.604820842652934
2021-04-12,26.32320296369791,60.51498378561571
2021-04-13,26.661938323289682,60.89481503561845
2021-04-14,29.86373048055664,64.13770308329637
2021-04-15,29.049845478190786,63.364913971341466
2021-04-16,33.98814792580132,68.34431230936296
2021-04-17,28.441291733987075,62.83855200795968
2021-04-18,30.599472587716917,65.03782875210047
2021-04-19,31.091047862347533,65.57049991714206
2021-04-20,24.872752465944192,59.39330041114967
2021-04-21,31.349179437119208,65.91082327273564
2021-04-22,26.46476640017467,61.06750612620206
2021-04-23,34.26432282988445,68.9081584463228
2021-04-24,26.1080808884966,60.79301239534591
2021-04-25,28.73415936756721,63.46018676482748
2021-04-26,25.40651983125752,60.17364311892875
2021-04-27,34.4855215300829,69.29374070816509
2021-04-28,29.501146556986974,64.35046162548012
2021-04-29,30.3941367863479,65.28454774525201
2021-04-30,25.070825793751954,60.00233264306702
2021-05-01,31.858136297538387,66.83073903726441
2021-05-02,26.414766571205412,61.4284652013424
2021-05-03,33.25215374315627,68.30694826370421
2021-05-04,26.277641691585387,61.37353210254429
2021-05-05,26.08650460372985,61.22349090509971
2021-05-06,24.497267672100495,59.67534986388131
2021-05-07,28.803359708329573,64.02253779052135
2021-05-08,29.680811064230888,64.94108503683363
2021-05-09,24.638000713196604,59.9393705762103
2021-05-10,31.68352544234368,67.02599119576834
2021-05-11,28.40730855431548,63.7908701981511
2021-05-12,29.063345757228515,64.48800329147508
2021-05-13,28.170961607042322,63.63671503169986
2021-05-14,27.71374066299624,63.22058997806474
2021-05-15,29.244191083514615,64.79213628899407
2021-05-16,25.140787027686933,60.72982812357734
2021-05-17,25.3471993554886,60.977336341789965
2021-05-18,32.084262344570064,67.75549522128239
2021-05-19,32.86502166872141,68.57735043584469
2021-05-20,27.073412483865198,62.826837141399444
2021-05-21,25.983228517480967,61.77774906542617
2021-05-22,29.650268998572976,65.48588543692914
2021-05-23,27.231155783960137,63.10786811272726
2021-05-24,23.330286556420088,59.24809477559816
2021-05-25,24.569646289786515,60.52855039937556
2021-05-26,30.098648549936343,66.09864854993634
2021-05-27,29.458100758623136,65.49919664903409
2021-05-28,23.068906237085717,59.15109801790763
2021-05-29,24.94592381203275,61.06921148326562
2021-05-30,24.964398206690383,61.128781768334214
2021-05-31,29.29923939106655,65.50471884312134
2021-06-01,22.703314444772523,58.94988978723828
2021-06-02,23.472449355389188,59.7601205882659
2021-06-03,30.354958392101214,66.68372551538889
2021-06-04,24.06498008808563,60.43484310178425
2021-06-05,28.73005500027122,65.1410139043808
2021-06-06,24.506829510315036,60.958884304835586
2021-06-07,23.041193721671558,59.53434440660307
2021-06-08,24.399673293276873,60.93391986861934
2021-06-09,29.111209144576414,65.68655161032984
2021-06-10,30.365533334711696,66.98197169087608
2021-06-11,30.03026020902358,66.68779445559892
2021-06-12,25.6188777073072,62.3175078442935
2021-06-13,28.246386570385596,64.98611259778286
2021-06-14,23.53340705052566,60.31422896833388
2021-06-15,24.332630678606215,61.15454848682539
2021-06-16,30.28168564885123,67.14469934748136
2021-06-17,21.36513013751204,58.26923972655313
2021-06-18,22.00661365969774,58.95181913914979
2021-06-19,23.146467128659253,60.13276849852227
2021-06-20,21.24868648770608,58.27608374798005
2021-06-21,22.713187279525783,59.78168043021071
2021-06-22,26.644450674389507,63.75403971548539
2021-06-23,24.943241490524354,62.0939264220312
2021-06-24,29.57045799803266,66.76223881995045
2021-06-25,28.732730652992885,65.96560736532166
2021-06-26,23.890857266064756,61.16482986880448
2021-06-27,22.98116673048024,60.29623522363092
2021-06-28,24.097990468501635,61.454154852063276
2021-06-29,26.118060590170728,63.51532086414333
2021-06-30,22.809728609364427,60.24808477374798
2021-07-01,26.284524062934786,63.76397611772931
2021-07-02,24.051081537468963,61.57162948267444
2021-07-03,25.39137960738414,62.953023443000575
2021-07-04,24.146154126330515,61.74889385235791
2021-07-05,22.643591208590212,60.28742682502856
2021-07-06,29.09760067345425,66.78253218030356
2021-07-07,27.16337419251161,64.8894015897719
2021-07-08,20.842836722056052,58.60996000972729
2021-07-09,28.04093887171622,65.8491580497984
2021-07-10,24.145315997895764,61.99463106638891
2021-07-11,28.13148720424833,66.02189816315243
2021-07-12,27.099719630845343,65.0312264801604
2021-07-13,23.268770595724455,61.24137333545048
2021-07-14,19.157088506002196,57.17078713613918
2021-07-15,21.535245242696398,59.59003976324434
2021-07-16,24.181231244203993,62.277121655162894
2021-07-17,25.016454734621437,63.15344103599129
2021-07-18,21.177723478335942,59.35580567011676
2021-07-19,19.90999664436079,58.12917472655257
2021-07-20,26.783767163313858,65.0440411359166
2021-07-21,28.19697939591287,66.49834925892657
2021-07-22,23.528840259673192,61.87130601309785
2021-07-23,19.908224204834198,58.29178584866981
2021-07-24,20.834533439173867,59.25919097342044
2021-07-25,18.215955382192334,56.68170880684987
2021-07-26,27.096208271526883,65.60305758659538
2021-07-27,19.052509129053643,57.6004543345331
2021-07-28,23.56257083339006,62.15161192928046
2021-07-29,20.461018739329766,59.09115572563113
2021-07-30,23.185982486788614,61.85721536350094
2021-07-31,24.082840347975193,62.79516911509848
2021-08-01,25.79120896984314,64.54463362737738
2021-08-02,19.48390076252677,58.27842131047197
2021-08-03,17.456308045775142,56.2919244841313
2021-08-04,18.642654107984818,57.51936643675194
2021-08-05,26.202240106430168,65.12004832560825
2021-08-06,25.870039436103532,64.82894354569257
2021-08-07,23.035204760240717,62.03520476024072
2021-08-08,22.99704828821192,62.03814417862288
2021-08-09,23.573943745645916,62.656135526467835
2021-08-10,18.609898713255323,57.73318638448819
2021-08-11,25.93384589306678,65.0982294547106
2021-08-12,20.911923462875308,60.1174029149301
2021-08-13,20.491065961427307,59.73764130389306
2021-08-14,21.785310005443293,61.072981238320004
2021-08-15,17.003253533315668,56.33202065660333
2021-08-16,18.134915637024907,57.50477865072354
2021-08-17,23.791951595883894,63.20291049999348
2021-08-18,17.180198908818827,56.63225370333937
2021-08-19,22.325411040420903,61.81856172535241
2021-08-20,18.690156959153168,58.224403534495636
2021-08-21,20.07351307646705,59.648855542220474
2021-08-22,19.012517160871795,58.628955517036175
2021-08-23,19.62847788925592,59.28601213583126
2021-08-24,23.20954473292938,62.908174869915676
2021-08-25,18.938817424627025,58.678543452024286
2021-08-26,21.58135614573939,61.36217806354761
2021-08-27,20.62873302837145,60.450650836590626
2021-08-28,22.4570842565333,62.32009795516343
2021-08-29,25.142052106482264,65.04616169552335
2021-08-30,23.054110123353368,62.99931560280542
2021-08-31,17.83369314565801,57.819994515521024
2021-09-01,15.953299757066238,55.98069701734021
2021-09-02,18.222579423130572,58.2910725738155
2021-09-03,21.510492693855085,61.62008173495097
2021-09-04,16.03506168116796,56.185746612674805
2021-09-05,20.446883460388943,60.63866428230675
2021-09-06,21.415405338697813,61.648282051026584
2021-09-07,18.754520777872642,59.02849338061237
2021-09-08,23.08766842649275,63.40273691964343
2021-09-09,16.41236287614782,56.76852725970946
2021-09-10,16.06697108588093,56.46423135985353
2021-09-11,22.56808184508393,63.00643800946749
2021-09-12,20.213105262001125,60.69255731679564
2021-09-13,22.115618981125134,62.63616692633062
2021-09-14,19.55468430110098,60.116328136717414
2021-09-15,17.646667589570324,58.24940731559772
2021-09-16,23.351334261621677,63.995169878060025
2021-09-17,23.133567806544487,63.8184993133938
2021-09-18,22.066911955382427,62.792939352642705
2021-09-19,17.823382914072177,58.59050620174341
2021-09-20,20.98767390879096,61.79589308687315
2021-09-21,18.679998219581115,59.52931328807426
2021-09-22,15.97243278210464,56.862843741008746
2021-09-23,24.217565434655157,65.14907228397021
2021-09-24,16.401902062852542,57.37450480257857
2021-09-25,24.526846982704537,65.54054561284153
2021-09-26,19.476763220808706,60.53155774135665
2021-09-27,16.861743484059236,57.957633895018134
2021-09-28,20.424610895858414,61.561597197228274
2021-09-29,23.731726955327296,64.90980914710812
2021-09-30,22.322665570821922,63.5418436530137
2021-10-01,23.065657779933545,64.32593175253629
2021-10-02,21.58899115720772,62.89036102022142
2021-10-03,21.92651558898011,63.268981342404764
2021-10-04,23.499779409875373,64.88334105371098
2021-10-05,17.510055223051083,58.93471275729765
2021-10-06,19.914654655695507,61.38040808035304
2021-10-07,17.241004883726262,58.747854198794755
2021-10-08,24.915569032876807,66.46351423835625
2021-10-09,24.490930921429367,66.07997201731978
2021-10-10,15.457520901715128,57.087657888016494
2021-10-11,22.133382641396423,63.80461551810875
2021-10-12,24.345950822798613,66.05827958992191
2021-10-13,16.91651174374505,58.6699364012793
2021-10-14,20.808950029664192,62.6034705776094
2021-10-15,24.304563366622883,66.14017980497904
2021-10-16,15.510760097583713,57.38747242635083
2021-10-17,22.168553753106895,64.08636197228498
2021-10-18,18.19231594076598,60.15122005035502
2021-10-19,24.488679372289536,66.48867937228954
2021-10-20,24.982600514517966,67.02369640492893
2021-10-21,24.74338460142486,66.82557638224678
2021-10-22,20.072956022460012,62.196243693692885
2021-10-23,23.98271809199715,66.14710165364099
2021-10-24,23.84063754676753,66.04611699882233
2021-10-25,18.62036479150589,60.86694013397164
2021-10-26,23.754085677493592,66.04175691037031
2021-10-27,15.87192199889371,58.20068912218138
2021-10-28,21.502792052522786,63.87265506622141
2021-10-29,17.87975082316021,60.2907097272698
2021-10-30,16.826210332051573,59.278265126572116
2021-10-31,16.432250242644105,58.92540092757561
2021-11-01,22.669067967402384,65.20331454274485
2021-11-02,19.149664180043022,61.72500664579644
2021-11-03,23.044575687115223,65.66101404327961
2021-11-04,16.497710276160383,59.15524452273572
2021-11-05,19.045520611794032,61.74415074878033
2021-11-06,21.337217628716566,64.07694365611383
2021-11-07,23.90042620751625,66.68124812532447
2021-11-08,19.232796745536813,62.054714553755986
2021-11-09,22.35743450901621,65.22044820764634
2021-11-10,25.01270334794218,67.91681293698326
2021-11-11,22.36710283943023,65.31230831888229
2021-11-12,18.59473430905356,61.58103567891658
2021-11-13,16.56692270074545,59.59431996101942
2021-11-14,25.08276854752974,68.15126169821467
2021-11-15,16.654410997094995,59.764000038190886
2021-11-16,25.24972509158376,68.4004100230906
2021-11-17,21.85410750415378,65.04588832607158
2021-11-18,26.018458890964233,69.251335603293
2021-11-19,24.67965926652526,67.95363186926498
2021-11-20,26.736193300158465,70.05126179330915
2021-11-21,20.329956650066215,63.686121033627856
2021-11-22,24.56164914710693,67.95890942107953
2021-11-23,20.97692478551679,64.41528094990035
2021-11-24,21.825122768235268,65.30457482302978
2021-11-25,86.37989473275809,129.90044267796355
2021-11-26,81.6961931193374,125.25783695495383
2021-11-27,103.32764065807805,146.93038038410543
2021-11-28,24.992708280953686,68.63654389739204
2021-11-29,21.560589784845586,65.2455212916949
2021-11-30,21.670215303510183,65.39624270077046
2021-12-01,24.90694526508903,68.67406855276026
2021-12-02,19.994102257104082,63.80232143518627
2021-12-03,18.78698977679969,62.63630484529284
2021-12-04,21.305074867705713,65.19548582660983
2021-12-05,20.70851195378866,64.64001880310371
2021-12-06,20.877113191498317,64.84971593122435
2021-12-07,20.32863756446923,64.34233619460622
2021-12-08,18.492614865145583,62.54740938569353
2021-12-09,18.33011663288077,62.426007043839675
2021-12-10,28.108843286478454,72.2458295878483
2021-12-11,22.590116839388056,66.76819903116888
2021-12-12,22.23691816313499,66.45609624532678
2021-12-13,25.271866703649252,69.532140676252
2021-12-14,20.740126714247594,65.04149657726128
2021-12-15,28.139821051831728,72.48228680525638
2021-12-16,26.58668366857458,70.97024531241019
2021-12-17,19.700746193092847,64.12540372733942
2021-12-18,23.06620019282845,67.53195361748598
2021-12-19,27.76566057627855,72.27250989134704
2021-12-20,28.506186673697883,73.05413187917733
2021-12-21,23.817549391591307,68.40659048748171
2021-12-22,25.362569788785674,69.99270677508704
2021-12-23,20.983945600354424,65.65517847706676
2021-12-24,94.51043626803674,139.22276503516002
2021-12-25,70.2831200724654,115.03654472999963
2021-12-26,102.56339371349932,147.35791426144453
2021-12-27,26.15245435591208,70.98807079426824
2021-12-28,25.819269612672322,70.69598194143944
2021-12-29,24.954777052051355,69.87258527122944
2021-12-30,22.22063133639841,67.17953544598744
2021-12-31,21.765280320055087,66.76528032005508
