historical_sales,promotion,temperature,precipitation,regional_gdp,weekly_demand
224.83570765056163,0,71.34678448687892,1.9165620302096391,3.986271088394904,873.8031807300051
193.08678494144075,1,76.84680305864909,0.5503547803014699,2.307006028800501,715.2489366457432
232.38442690503462,0,61.52873710470303,1.0781401868746867,3.2527946209179373,711.3138177237049
276.15149282040124,1,65.28385961489349,0.9960426279185015,3.744556554164145,850.0642714792002
188.2923312638332,0,87.00413907944426,2.207267329398944,4.135724872711398,953.0683567804675
188.29315215254098,0,68.43105721028604,2.0693443370362505,2.7978012884080194,723.6722030223424
278.9606407753696,0,64.53089017318061,1.2782624466627466,3.2457147263601,788.5427765343203
238.37173645764545,0,80.36652752527286,2.176820872139398,3.2848801785993236,859.8962109500794
176.52628070325238,1,86.85704154662997,1.4533199154127345,3.0977408657766454,841.4107520359536
227.12800217929822,0,82.18953310665067,1.7283448896739468,2.950577399380347,812.7438112600271
176.82911535937689,1,84.96047685805816,3.673452090298537,3.2179876947500228,844.5259576905011
176.71351232148714,0,67.43204911430539,3.340461051790348,1.7338769573901573,590.9065500699302
212.0981135783017,0,60.78189333258156,0.7004187630724024,3.341034745031316,733.6010833479003
104.33598776711011,0,90.01333651955487,2.8297324178791747,3.0630889518309834,768.6979608333336
113.75410837434836,1,71.77320161157864,2.811396554491592,2.8887625516108675,742.732607418068
171.88562353795137,0,72.49166983544953,0.8517367112473817,4.023431097859779,868.5119786354644
149.35844398327882,1,88.28194141849058,2.818777643754861,2.6625329906047237,784.1040958616121
215.7123666297637,1,80.5623000940066,3.5379319184125526,2.7984620054674845,803.3022950069666
154.59879622393944,1,79.55887772081607,0.8774551937555861,3.995776651102367,884.1436808794813
129.38481493323542,1,96.65002344901083,1.0824971789857365,2.5839693475750716,770.5726571545335
273.2824384460777,1,68.56481769619857,3.0176614668435024,2.7249423585317305,777.7967178311816
188.7111849756732,1,84.27840128081237,2.271495310825648,2.926487288284575,853.9485352997384
203.3764102343962,1,75.57013124897084,2.5514762752395233,3.4203672410647745,853.9228269887362
128.76259068932717,1,77.68592278863257,2.3405892164004967,3.1039012536766566,731.3082909588561
172.78086377374086,1,90.28468426412532,2.390695920928144,2.3536873264238687,788.7501437383082
205.5461294854933,0,80.07835756289624,0.673527871688917,2.733915718436405,703.2707128824468
142.45032112888487,0,80.38296079049633,3.047317706621448,2.696322783393894,753.3900990197245
218.7849009172836,0,85.72507337309803,3.1695899924277735,2.9613894773884772,769.8792276751594
169.96806550405975,0,71.35047270457115,1.7706092559319722,3.2129218293149147,782.9845949308542
185.41531251033615,0,66.60790332660994,1.9565230501861375,3.209102877943986,755.4683194912793
169.91466938853014,1,64.55190805978967,0.46889249744427786,2.111994122975799,637.2096517402687
292.6139092254469,1,55.33643410623998,2.5142547560178348,3.531970493780428,767.0600784237554
199.3251387631033,1,95.56207129940321,2.572057441714144,3.1262844229983116,924.8919002528476
147.114453552205,1,63.96791634278317,1.937808983000689,3.692266023796953,767.9155999242146
241.12724560515946,1,72.78746376414227,3.1243533598705024,3.222099163645336,828.5418636538659
138.9578175014489,1,72.2318670011108,1.6659227690200595,3.550661478867881,804.5603362286585
210.44317975023776,1,78.07406697809101,2.5646059258936003,3.2332726557250635,789.8383786451752
102.01649380601123,0,83.15737212539297,0.9803356613078844,3.673112878101374,757.3889981532951
133.59069755507846,0,83.60473488359746,1.976447849125762,3.2611253180088893,797.9676039599958
209.84306179345617,0,69.16922561431062,1.8256457420971641,2.951042376778548,710.7687068352457
236.92332899977052,0,73.32878286213588,2.2253079220409417,4.136217360223441,859.8815411050754
208.56841405949854,1,77.825799504883,1.6304730711666413,3.444518561139946,892.4362451293059
194.21758588058796,1,72.51308873816453,1.8685274043283322,3.2868722105022066,854.8794519370274
184.94481522053556,1,91.07345576019992,2.8260471714415063,2.361847791730832,797.5876522290813
126.07390048162863,0,79.90974951638252,1.5632357627617826,2.355846191268231,672.3199981146364
164.00778958026456,1,82.34877786049817,0.3934228992613207,3.1463577410709265,869.453620200519
176.96806145201063,1,81.62881268667412,3.7495839042054206,3.0727605988841202,775.7002479147465
252.85611131094578,1,86.73473857485325,3.3814540786904868,2.692938717495842,852.2756711348495
217.18091447842306,0,76.81021558703706,0.7077373048943814,3.07049134980603,809.1698762607207
111.8479922318633,1,62.03168052044153,2.6897078052451944,3.7943134640217977,789.023573320396
216.20419846973977,0,78.99687951752642,1.4970252294486568,3.3477012372751496,764.7837871804564
180.74588597918418,0,68.4864310620817,2.2634872153310597,2.429495745123631,630.2791425647849
166.15389998470206,0,69.71383318250243,2.294224129013494,2.944245586428528,676.780535672877
230.5838144420434,0,80.86364018755093,1.765592199683678,2.5975167595737196,764.702470751588
251.54997612479755,1,87.38283071433636,1.2162343344136035,2.8061500417957195,895.564139862556
246.56400595580993,0,75.21271576736062,1.3094589476837406,2.7931921671851785,810.471521279768
158.03912383886808,0,78.08833012598964,1.0838080845187577,2.7611772086979975,719.8918881629523
184.53938120743928,1,92.02214944635239,1.1681777917695553,2.3724323140133023,813.01471636984
216.5631715701782,1,77.40753179488568,1.9328217099506448,2.936172659240905,854.098454150464
248.77725635611796,0,101.01683114180395,1.2842400108892482,2.719696181576345,897.49731009173
176.0412881077355,1,80.65509645631545,2.68205206571262,1.535275654998866,706.0327165138447
190.71705116680914,0,57.39237240844182,3.487246155335927,4.026486012250832,758.7583673876327
144.68325129969858,0,82.53341621104532,1.419946758629957,3.544384827108336,790.5342232682117
140.18966879596647,0,78.81158384882778,2.239404500535377,2.811849637537502,682.9498217471844
240.6262911197099,0,87.89752754082745,2.499685110302934,3.009409524870299,789.1995171762248
267.8120014285412,1,81.73181351269959,2.4720022709192744,2.414172826341219,829.1238832454519
196.3994939209833,0,73.61544016016227,2.0759552679160875,3.847861438905433,865.9614436652956
250.17664489460122,1,62.757017637106344,2.7426824183597223,3.948644347386556,911.7918854294821
218.0818012523817,1,72.90976742713974,2.4822489526806573,3.0783468641232625,831.8950946171065
167.7440122697438,1,66.494795457907,0.7623375776727022,3.511765322092672,844.7842971829967
218.0697802754207,1,69.19476550195277,2.8691560643892733,3.0876433894669617,767.6810059706672
276.90182832329845,0,80.88578404420609,2.8872908372667423,2.3316372805620347,712.4781795639001
198.20869804450243,1,91.69904504351406,1.2367138958214183,2.7940883155181715,900.1436468059512
278.23218279070034,0,78.9467152982298,2.037937835447602,3.0659639833859784,832.597110437803
69.01274479551279,1,63.04116937964815,2.6833289928110693,2.772726140628278,653.3748746609411
241.09512521876118,1,79.4460266822014,1.7906861804206384,2.890673361282482,850.5593147634191
204.35235341190855,0,86.96631486645651,3.0729780477660116,2.954300221245443,811.4035571588672
185.04963247670662,0,68.90217095680617,4.363872494619361,2.9595607510672695,727.8675269785243
204.58803882677512,0,73.65982833327082,1.2140139673650177,3.0261292452487414,799.9155134754743
100.62155426995535,1,75.14688194729197,0.6189553968462251,2.4696974668016995,733.1519901533557
189.01640560812442,1,67.1510168691776,2.303818595604876,2.641491925436032,746.7483799143924
217.85562857558733,0,81.4828043384386,2.7215625051261436,2.3577078671500153,740.31887421647
273.8947022370758,0,73.79051851392218,1.769133626155231,3.4889077748431,823.264292949868
174.08648908631764,0,79.19532443907028,3.4532606633210343,1.9471765290798377,665.9018532606779
159.5753198553406,0,66.125078221979,0.6613942002767512,3.5767951716584627,719.6437741348661
174.91214782077316,1,70.62541699676589,2.692918623031611,3.6931746986314216,864.5881890959186
245.7701058851037,0,82.22381357827771,1.3941391792411066,2.8489097065086892,769.1180114994172
216.43755548298424,0,71.27166847908234,3.7193779062072965,1.6984314560863507,605.8005852873079
173.51198981164805,0,92.26963851233405,3.9925153531681183,2.819344719016355,764.7588870846639
225.66337165566782,0,71.00363814385398,1.233343412216652,2.96790791935559,768.908903852729
204.85387746740201,1,77.24684725751887,1.45044286409142,2.4947008900355434,772.6090786060983
248.43224952664445,0,84.3259083187309,2.859587886979802,2.7423908030958786,743.6461890518665
164.89734530613237,1,60.816342670669684,1.6128693502104854,3.7650975994316758,809.5324413780318
183.61689267011158,0,57.39191188019224,1.9545887820677619,3.3324635811508703,675.1308527254452
180.3945923433921,0,59.74343685429905,2.02538842054241,2.53771794281095,648.8667921432633
126.82425259339408,1,87.62584103427182,0.08032684380234367,2.201200415202284,770.8978752122932
214.8060138532288,0,69.48141854107553,1.9861622539057628,2.8364913411951145,730.460240774087
213.05276360899447,1,100.58199285668252,1.3102722259358262,2.893271610324781,906.9337162105734
200.25567283212305,1,69.35752401342612,1.506877177600228,3.2480995936816583,788.9766771325347
188.27064333124267,0,76.84551303197037,3.443632003468814,2.7323416437161705,703.4015720793695
129.23146289747928,1,90.42109952567876,0.7434931057207437,3.255749787680931,910.5623511952957
178.96773386173206,1,95.06092888159122,2.813205186747977,3.967577020030115,1033.7354741085187
182.86427417366153,1,95.61503576636397,1.7210370696681916,3.4077505112221314,918.9168437918955
159.88613653891906,1,87.08366230593143,1.7202398315041656,2.9759557463346136,878.0600004572668
191.93571441669954,1,85.24062525811462,2.7903718960517114,2.9084247644733527,770.0194184539698
220.20254284072692,1,80.92526949201184,2.3400512945688905,2.8216634329100643,787.6677671929715
294.3092950605265,1,82.78361076166638,2.570612997219531,3.590320456226072,915.6352633034038
208.72889064159196,1,69.48814283671467,2.9681846605328612,2.6863432770243487,700.182379918254
212.8775195361382,0,66.81801116577692,1.6686916168166772,3.022611354499991,678.5953831851587
196.27770421169163,0,74.96625542589048,1.3877632654922496,3.0255989509405428,774.042359038564
104.06143923504793,1,73.29815377475072,0.9148494734422019,2.749107903594234,727.8617531844432
198.67430622753915,0,70.46771950672725,1.1745894700210449,2.3137672260579496,682.6887404811437
203.01151049705132,1,81.96387447456715,4.949094425308726,3.161487251808834,848.697089132803
323.1621056242643,1,84.5530520857051,3.2446795807367868,2.9694980140723084,906.8178286356967
190.38195176094388,0,75.88406886291847,0.6489256337919787,3.2501202347182847,812.8669826134842
215.07736711668062,1,89.77530081055262,0.6775420432564299,2.7331998467804164,870.8737832693128
198.26441151473784,1,63.58310885866495,2.4818660617184913,3.610410649406524,767.6603527249888
141.5660981190234,1,73.06340540720282,2.547264797377967,2.5616131093940777,748.5231644857778
257.14114072575103,1,67.83177679397195,2.5488838353173646,3.8560201420089464,860.1692661970225
237.5966516343387,0,56.3346338292694,1.745044206446302,2.1261817450858693,567.5713384447675
239.55159735215233,1,74.17319314157301,1.8745457399970997,3.2173850322784454,838.2972739376828
154.53062726026306,1,73.78252491616716,2.3278795241593575,3.2377153412633115,769.2863495168095
270.13971554680495,1,90.13449743242131,2.0858930062933303,2.602221466029559,862.5826500158487
129.90744686038596,0,81.30811684554777,-0.2193003727475351,3.212196968930506,805.2286259253617
229.34285469001352,1,64.75813175670795,1.7702003694248063,3.6397593348800794,845.1862680996903
309.5227812904989,0,93.54092566334188,1.1485935657396864,1.8915905803229678,773.2042393440898
150.4731837434656,0,87.21033695525352,2.175211418908512,3.2513724037454073,800.0422416449937
171.6851135198614,1,80.82097703468615,4.98525900260341,1.7533645898349612,697.6613010339308
204.98256825438207,1,72.73515901150168,2.3674816654743043,2.517167598238396,759.1010258858141
174.82621729419003,0,65.4056076327652,1.686470313827602,3.8145831824504723,841.2867130981483
122.46682844669337,1,71.27793223928947,2.921801501977252,2.709108983303973,744.7198039426647
203.42814874030137,0,85.88748619704185,2.4826878872092126,2.4130600177955137,781.9594203196174
146.88481431369476,0,93.84586305934609,2.420094490451841,2.901031135507659,766.9378345861512
223.67962153175907,1,90.43243528272188,2.606850593215671,4.0339531690817765,1014.2446087045124
154.02878828830984,1,70.11150578213726,4.056543564829541,2.084158876396987,643.8291709953372
277.496720250877,0,63.80382566710989,0.8691115646740843,2.474345044180328,679.9814231261324
160.83733538318813,0,76.40886246911204,2.4736320768114544,3.748715841589813,817.6387036439969
183.89692418971623,0,57.31560634437149,1.0736188700184615,3.928851171768866,789.0317683317621
240.67586086848348,0,78.23167714184781,2.5555126463422484,2.948284387854858,795.7945761956704
138.45678417830223,1,73.52397413701331,1.0813134885139055,2.380473648736679,687.7282787224847
211.37299673020647,1,70.33963498131757,1.5826331863949157,4.04792175090458,918.6242839059785
265.3571377141214,1,59.05296932733204,1.7049100857620938,3.7972211958745983,821.4888079612808
119.62583827193862,1,80.13600106569717,2.975816719344709,3.3394734938811164,821.1826002280484
209.2316929266152,1,69.6729916033809,2.918454443942414,2.59379882553129,724.0756405696029
212.99413971242117,0,63.30083164289712,0.7542826235536155,2.9754853295809816,706.4409472411895
239.09114358886552,1,46.2773778671835,2.0549341109998487,2.9198199594775844,695.3524052193255
138.1524644560959,1,74.72485094949364,1.2904201452508275,3.165425652307789,765.1330391593099
133.9771693457862,1,92.72251596669744,0.7414950893246655,3.725500719065668,1004.0921377480084
226.09707828084487,1,91.6125921454787,1.7829829495756295,3.4397085205687015,892.619940350095
214.8492336616593,1,70.42903743413729,1.6915172115441803,2.461311961507621,720.8557975391907
212.52464251729384,0,68.97787939638219,4.426716486345523,3.688248225009769,786.8157325763318
217.3224104748488,0,79.68774256075024,2.432959825360696,3.1565660700065776,815.9563517812857
165.99876392107547,0,65.01614560811709,0.6223824992457627,3.343532897929458,733.1953031844602
211.6126848580502,1,78.01791899819466,1.4352259958290579,3.7332704296393016,903.1489993355917
214.65362366493406,0,82.6608027838469,3.0213832954293984,2.4442098752432244,747.1544828815585
164.2824290986816,0,87.26933223884308,4.088442772869925,2.9820872106467684,768.8800847558033
293.28872555723785,1,73.99845923520047,0.4140166877620417,2.7342727243203924,877.7192022470872
223.69164604558938,1,72.96326249823034,0.12007561486095497,2.216070287317272,772.2488815240121
140.43482513986757,1,66.2201741324344,3.870965175371782,3.17335498880246,756.128860888803
232.82768043169148,0,66.73119645960139,2.3896141773709036,4.255778275792212,822.7668066182523
151.26591648863393,0,72.73521108098473,1.1317072681236335,2.0799611277471235,633.6064010105455
239.3542301871226,1,78.67365506816178,2.534629086122435,2.9838596944752647,827.0710905590512
257.9297789503702,1,84.13584626233249,-0.6357477390168778,3.3202714675373866,907.8607036600711
158.96588408241448,0,66.96821049319655,2.003375506597161,3.0615391008280906,711.2490750424005
248.16880646221608,0,89.92688568959522,2.3278211728430853,2.9434359737421296,828.6548445914717
220.63904634682493,1,72.2887639895743,2.9242701395378297,2.350391818277088,747.2219384491216
241.1030079997245,1,74.78632705651565,0.9861040477074623,3.1163933714700818,814.155689065544
294.8396491326974,0,67.52788320852177,2.085687161403359,2.621618011492037,777.9353885293823
187.73059419985648,1,50.75759739727059,1.0745753739404127,1.9050391475107233,550.5214653401875
162.31319178212553,0,83.8404539636105,2.255383755674317,3.5972961102568655,844.1137092940717
155.52427851872383,0,82.36843897092433,1.1046536776369758,3.479192909921021,850.232867641358
159.2094857517281,0,72.18672442881787,1.5918991608397794,3.02583048842554,710.0832093481063
196.1449145292948,0,75.66990717224871,1.004184605209771,3.1145373441028514,803.4079407870669
217.0575987408322,1,80.159392177041,2.6511362418236573,3.537159006357781,849.6547905391502
213.83453996650096,1,59.374541431134574,2.8584511166566653,3.112169828389041,779.9859797867377
241.35916245180118,0,69.70947322653706,1.7653794300425862,3.4520087773806574,797.1985087451985
200.65009459389535,0,82.94264679621827,2.038237994960028,2.8512588995630748,761.8894490456798
272.67670385786585,0,62.45710576830751,0.5514085853664559,3.6559918692869733,799.7335286726803
186.7671583381022,0,77.9355793216663,1.7003233519932128,3.160392862966342,806.3651066358663
336.00845832948096,0,61.43418195376595,1.9497953829582553,3.097025971802937,747.8461235287683
231.28336738825033,1,79.66429982433526,4.6207930910299755,2.364969455643984,731.7714667872168
157.1421221791859,1,74.64358517702516,0.8880329742258364,3.143477927150854,800.6103520200336
146.45537509694438,1,58.848681840944906,3.4641772387524377,2.584022541252774,605.9227151078506
224.12362076215928,1,86.64739354457171,2.996858773465808,2.6808586367357528,888.0323712811099
188.82686073370746,0,67.65408423201951,2.2806364044901364,2.5923121858419393,652.1168683298022
235.7000247046046,0,66.89747562985619,3.7586204841951334,2.4668825340503875,686.3879426500829
223.66188122867723,0,77.00569197230944,2.372105472606863,4.0623857015084806,885.6610184100983
196.35855436715636,0,86.48637349428715,2.389159195667929,3.665669530994202,843.7504842832958
157.66031409657975,0,64.84178181021603,1.9468793469824546,3.9601837510721305,779.4100064603766
124.25763876570677,1,75.61679849847971,3.2235688824186273,2.388552490222218,720.35245545261
177.67425239664894,0,79.28816500330574,3.0964692338108835,3.035626874955446,752.2281063196997
242.81993971617362,1,81.93105607263143,1.3743227125037876,2.353246187397952,838.4400302115323
210.7046872065102,1,76.76441555277225,0.6807528054012326,2.652152561401468,828.2276112367067
137.7130610644006,1,71.32972160916678,1.797019362604343,2.5409365082917126,739.1960414209118
208.6590462925591,1,66.7240977935128,1.1999614356023536,3.619792003220781,824.1398949117082
219.26586898644183,0,75.86143883046375,1.936475425384645,2.80188516094912,717.3686170531606
155.80712818994334,1,64.27860988014393,3.2374381346841394,3.5341896668470083,751.9335706726669
207.6862552972764,1,45.78649516505393,1.5426983449132101,3.302060444794259,703.4418927242033
202.9104359223,1,79.36559804157667,1.9571766186884252,4.151819376052394,960.2669809933593
142.85148510846884,0,84.03934841086195,2.0580227348083953,2.2602778884301378,631.9229039606606
217.88936801741417,0,51.37067564458162,2.8484308822052844,3.6296166198933992,700.0320193505496
228.03922631841172,0,64.90269295290062,-0.24688933398460522,3.573220435200364,803.0666915432869
254.15256215876386,1,81.19154261005198,1.3932997052347034,2.5133105809864826,812.1057274864766
252.69010260174514,1,95.574954697117,2.2112836922794727,3.50356666823658,1021.2018698577972
131.11653160214544,0,75.20793707675408,3.2000789564268612,3.1680724815131143,739.0578119994121
153.10874800424386,1,67.71997058770866,1.508097552493795,2.8862618700232963,778.0051956604838
225.751763360433,0,73.1710355889516,0.12344729395812593,2.5880322565140004,729.8209967262862
225.68929754561043,0,88.74876419148185,2.619711445966136,2.640445274275407,822.5602074733015
225.7523843153024,1,68.54035820875464,1.3646376111743708,4.024906047892963,943.4742037148025
392.63657453273606,1,67.00807993349747,0.8103333409096387,3.0003414094787413,912.6402979508129
228.54452553465836,1,70.17256477817968,1.375654610286776,3.3910650007657295,807.7207928290708
256.77828200902997,1,65.46671391741287,1.8154746423441503,2.6045503091662234,740.4127127584887
247.70008817466012,0,76.22670315994796,1.3952553354617874,2.6100735268891806,741.6834180578761
232.5695625652899,0,91.2467845846956,-0.20556605709906917,3.540992404624971,943.3512412919005
184.23653776798272,0,78.23079273116029,2.897066196887132,2.3252118942242337,707.4133666437809
237.94846102466337,0,72.47646497873713,3.2748750412787224,2.7923931160473643,702.6803363771944
161.35873927312142,0,72.08188731084456,2.651521991339506,3.017013705536116,718.3101122485082
188.15906966299957,1,59.36809191303343,0.8623143295751834,3.0556863009200264,677.2676612282337
175.73182260854483,0,83.83109777147159,1.798508466052482,2.910453357491922,823.3400014243543
204.09370696931612,0,74.22162802987198,1.993478684770542,3.1979098905479617,757.6399686208078
315.73292833367543,0,73.19520086409375,2.59879438956191,3.346427877908906,834.1732305779128
106.6367403704126,1,106.93107567844861,2.668340488718081,3.367318772729665,938.7327295435931
234.31300951872566,1,77.98752908365687,1.2658262012215042,2.5070980956660867,829.5265249824433
119.36420644051742,1,67.48208949904816,2.0819955564135606,2.8579224510356016,626.9396470130026
176.40340671052832,1,70.73642403794457,2.457280404615241,3.597381430938469,826.5508523229043
254.4475298483683,0,86.48445709196756,3.4558223221467665,3.447323593786936,866.645623816317
203.21400095477313,0,76.13270410537764,2.704506539824723,2.313570274259468,672.9733914042239
146.1127611035347,1,60.61722021682633,2.7890566873755187,3.175739950176101,767.6127061488229
164.2348145370016,1,84.19228934575203,2.083826627929361,2.0108873753125946,706.7094414835535
233.97988744673378,0,68.31855914461006,3.410459145203504,3.023467451030185,749.9787784144704
163.48166841414317,0,93.73297776217545,2.409762795959497,3.9488835083729885,931.8840295568352
210.82292947909875,1,85.80048065714648,1.1389120898264296,2.526053641365507,863.4756888396336
202.27859199519068,1,70.52678104341248,3.4033699701251905,2.582838477254209,708.0076766955016
167.41998261970915,1,87.81016361735112,2.6979032725390275,3.38201489078643,861.99419877615
307.19720446626627,1,75.67855510527403,1.5569559788715177,2.228599242395177,822.1638394346277
231.69595111590056,0,83.52773675122219,1.5205070326007566,2.6836224850574806,799.403476743705
98.74287066711965,0,79.84732817294474,2.2965755451407617,3.2982205687908763,709.1162572256609
209.32271573847137,0,66.53643345009127,2.4631847952675847,2.6828570761552983,664.8182343486479
166.9106767615806,1,68.56450167682539,2.1972922656312064,2.8820150063945142,754.0979043634984
242.6216667398112,1,85.29960817581161,2.311308673442885,3.372092855157517,937.0379996766842
160.37396307836497,0,71.65224667893459,3.6999573745763805,3.2107730417682805,702.149025769131
194.26317792665506,0,70.96351536758003,3.0715431522348857,3.133409198147701,647.1469743991406
225.24936394902286,0,65.44877420650647,2.1906355912650244,2.8304388603649806,716.7027787030025
243.2877597085061,0,79.23599065593461,2.9413105807674835,3.1850305576344775,770.3041623913798
139.9851796472112,1,95.62524919243145,0.9674760964724605,2.9381336599501218,821.7372768723781
183.27493820795257,0,64.32467085745728,2.397927049946809,3.2289028049628925,627.2020556385595
176.25273444195219,0,75.24219456672758,3.8093063497331103,2.751533987441011,725.8171011073161
167.3335383713144,0,89.12220555415429,1.7819541046076262,2.9087155128102293,806.1883307035243
288.27271201405483,0,74.20358608754285,1.1523660713809152,2.505021103723993,747.3630446819643
220.2490855480478,0,79.52371796249734,1.3479111114069393,2.982496194996882,834.1843718610123
136.95580228324775,0,64.37606471853121,0.9103669626576116,2.5944995681855776,659.8242524169538
245.8930973527388,0,79.28307097207649,1.2152380918722967,2.4429767749190034,799.9962013915867
306.10780985063167,1,73.12855734995452,1.629491901409971,3.129330573927694,823.5527658887484
251.62326302755736,1,84.85729995679863,0.594432980821358,3.10636988792883,903.7542715638224
124.03150170229932,1,86.87386051564751,2.015618333949603,3.3914368674742863,816.8711555888793
175.78829635668743,1,100.89563642018614,2.902277173786647,2.7844372152124506,884.9118101069889
263.34555745933113,0,80.79633173213576,1.0922438198530795,3.204026423418378,837.676165920651
164.61652671906097,1,78.25796316582166,3.519283923641769,3.2753987861368317,834.7435276837964
222.19097140731142,1,76.94384301577335,2.5107920885275945,3.2223869039157975,844.3123867230834
238.73170267146685,0,71.46833707189312,3.0305805856240573,2.587173158598929,723.8212608472488
153.65347642109586,0,78.38483843461691,1.342165446147863,3.0746817411355947,783.9006540298802
197.02373219691,1,72.0459858986097,2.854525227066616,3.182070148027331,863.0514184450648
37.936632996546365,1,76.68460976269614,0.908066099604687,3.003589233453971,734.2107280025205
148.7806179332855,0,88.17597535607959,2.8902475008365087,1.9567611708144577,653.81314680013
187.371592430342,1,64.9345743472036,2.1718393397935314,3.08024481198674,762.0472642114199
137.6108409017575,0,86.39878561129045,2.5532512199847837,4.106265519698621,861.824987463159
281.62056519658177,0,88.17115067339866,0.8244053943751484,2.8199803656215088,899.8788416367797
128.49293110196837,0,73.81931473008922,1.1049301577233952,2.6359614510723395,677.3933415630732
177.9977756651508,0,53.78145100991405,2.5972282182533846,3.186674279855699,633.633997648962
206.53702886430457,1,68.92178012905568,1.0516519957757993,3.156189105233286,788.8403340084678
272.06366445330576,0,87.96994546561109,2.463206292099123,3.5963675827082073,932.4387776086872
128.20689244102803,0,74.77131937701118,0.6328621935397543,2.371065922045556,664.0056038777834
258.158187607748,1,65.0069776770509,2.848174212666668,3.3656901262874963,792.9512480873
200.51165305097936,0,69.95225078771783,0.7674766852314909,3.295211030625732,821.823974203043
150.92456744760244,1,83.40620026504553,2.552299937679523,2.928926731529727,784.1778636053538
223.10517371316354,1,80.4673356820138,2.6256309336460006,3.169343658960845,855.634304047265
209.9529847786735,1,72.61067900830305,1.3032281815704252,3.5147287407991787,876.0396642433725
169.98915614206027,0,71.33175588185313,2.5820265670847267,3.436157690014225,710.5088074983588
203.49010424950094,1,71.08241850956178,2.260442263333556,2.428490343963136,741.8095714777152
180.734320156912,1,65.77589815501497,1.4611581438072618,3.410079093377742,763.989748488819
205.6758672625624,0,91.15375689469442,0.9914453159237919,2.9676556974837407,870.1413181189096
233.10653372605233,1,71.7767953078866,0.037374308327420946,3.0364370490077577,799.8276748623915
279.3008408072676,1,87.17158520825497,2.3496500472996935,3.036598495500847,926.4547664774623
138.10922505865756,1,90.21316051922452,0.43519722863794486,2.92487850560087,891.4312853880003
306.65166873281333,1,84.9831089814796,2.0953441994413082,3.5958537485535325,992.716407903729
102.39561002387491,1,70.68379687281951,1.736551783917751,2.958141020075394,740.60487299154
192.41074524822082,0,79.03730090336609,2.6791427754381956,2.4402269358084157,701.6841146795094
229.41586032422882,1,74.75804393609084,1.6979545005101357,2.8032350720151356,784.5495247489355
214.04959338675164,1,65.96298139269872,1.6705522136529085,3.089347358405238,823.1999580853773
168.8650240089703,0,78.24359281721603,2.7318707042882955,3.614607392148525,788.8076516575055
189.59388748213624,0,63.20960208840198,2.3350580290841174,3.3015473424744166,686.5371259325785
175.34995326705837,0,86.87679388461564,2.316155957182778,2.574732360626478,776.3316905984121
170.5317621527894,1,70.35382702701607,2.4692675898085263,4.2425949583394456,862.7177320517395
242.48010485105124,0,77.0115965587284,0.4644278767928942,3.13238765548899,786.3906170761538
217.85077429825236,1,77.83287871546142,2.756788679986982,3.6376953689995073,840.9833029614213
165.3545202369673,1,72.41095026295923,2.612468794013602,2.9241427832113853,746.5343066304669
244.97999377166252,0,80.86693801475275,0.9833168714235028,3.266679622352725,841.1780297637378
215.36497604383047,0,70.25096343377476,1.7559195263257987,3.4197342522592025,790.6442869832723
240.64310594194802,1,83.71297297457244,1.9606927123723688,3.609097355877128,958.7284136368098
231.48144209618061,0,61.54020319753251,1.8655032155982674,3.5286841526891126,773.4620578586553
158.55024945389638,1,76.26379579546412,2.333859966568535,3.436098500036489,825.139187455637
171.9909479901515,0,94.38928999058285,3.4313667818311835,2.8424566344029456,801.9280492785812
237.3646802561631,0,64.99668675394426,3.0817667276728287,2.7141269790219695,699.5655285907269
230.51851327167324,0,68.22255029475149,0.6877808065685937,3.1663037551620987,804.3016804479752
198.95492030179258,1,80.13907849658915,2.6220699903060485,3.4665640361705345,874.397982332331
205.8663691654391,0,76.79581781939598,3.32893331953541,2.8886396496116964,728.4129798192027
263.88324478942127,1,78.50630099273559,2.3868085206892027,3.532585982857193,874.0776604046496
170.4214305582085,1,79.89187130147664,3.090980425185967,3.7263083727430897,833.03494687657
227.3548690585019,1,81.3472146856177,4.012270445700765,2.54183954046329,804.4628477079665
189.89036737830529,1,86.09699841956223,3.023709546106981,2.58153964810186,820.6864008452667
189.11593983863898,0,79.09818656928513,2.249308595641729,2.929812470547332,777.8579696172609
254.9388425993595,1,72.58742345381458,3.0450884740847535,3.153806334094598,821.4765038468033
241.27081744940148,1,81.72573701202731,2.1448878330968912,2.7377164931164746,873.7949071422684
240.67548180003192,0,93.99881934895215,2.0239030432849554,3.676101339433572,923.1793863177398
265.27394035771647,1,73.67366253617426,1.6485857642862674,3.2120334307592255,884.3808454090056
201.05019208163796,0,65.25470695329358,3.563413358832108,3.0197235241203697,691.9745627813164
234.0976485647482,1,86.07080669286972,1.1815713340579985,2.282045238065736,795.5411452723362
184.4866621703272,0,73.79618836046401,3.532367724678116,2.342092091786246,677.8857140388601
216.2083176244221,1,53.27330453985964,2.4998641237403714,3.140504625140903,725.8115863487157
193.49284728161578,0,83.47421677150422,0.6006938251980585,1.933702186922582,712.1899707166143
204.8497982496359,1,69.64671814046078,2.3676492929914215,3.5063187048220357,830.0522200410971
229.75785127184568,1,74.0946671769584,-0.10002650765162402,2.92092307781384,827.3080419271101
159.08896583832637,0,78.31980330569014,2.6255080168310356,4.621546484797367,978.6942275451534
304.619363784273,0,76.90499679779066,2.885231482988991,4.153958125308055,958.9058629378904
149.6991309250149,0,82.09451817139039,1.4076440443479465,2.9092754653762416,783.8580692631695
139.2905693606134,0,70.64513629430157,2.1235476959555823,2.9468314987343427,699.6726138117946
257.9055436750034,1,80.13105798176083,3.9541574337502863,3.497790757001015,920.0602791268044
239.5831346981468,1,72.40453322416083,1.4942532957380634,3.851586304959019,917.5701743001423
231.20599085260775,0,82.38810480887503,0.9410924129433995,2.180985471281992,737.0172850526652
231.417275463214,1,81.15367484013053,3.4816634024625985,2.1068122673226566,738.2346748819218
199.38766135765428,0,65.64561297955404,3.962587190530795,2.688982597222809,654.7667632636895
155.1372814257084,0,85.85982116175032,2.003695671847847,3.2913687915869323,720.8548968854789
203.7902279096863,1,69.64036554885952,3.0114630354083562,3.2484367952537987,801.1440160493663
166.14191442439443,1,83.08057798281145,3.3414759155308813,3.534885727491925,853.8933783168272
248.75598667088755,1,78.6728731340134,1.257515767461616,2.400151235817346,842.9624248611156
192.64713092489308,1,93.38183676795123,1.5146941646321317,1.8419280685155617,782.85893663179
158.72514016037442,1,72.76534017628148,3.2308745131547347,3.4290070976510725,768.1123330091057
183.93070791735033,1,71.50683203881802,3.6850142787085094,2.5859018635173827,719.7431530935748
220.6465727137812,1,74.80580394112268,2.5628808601743547,1.990756067805681,676.4154716894534
171.81377235980125,0,71.96820217165724,1.1201856464979456,3.072531872979691,756.0014503425504
158.88898022167842,0,82.9994190194205,3.9870611116994414,3.3965878441093387,802.9581794320658
212.18436057459562,0,58.83689391563412,1.4690291021880355,2.9389714339393613,708.2186911707722
212.24832855543613,0,64.46317580853646,1.6648622188285482,2.7710758069087555,665.1725480721535
174.65284123144352,0,64.32197078420808,2.3423378344896215,2.9203188839270466,678.565027471415
176.44808471908385,1,84.50307591973575,3.554160420714774,2.8147086187996084,765.7180257682346
211.60249686788183,0,92.10613372581925,2.8539759765522237,2.3259764440299167,791.434645158248
127.59578292513379,0,73.95550781462528,2.4148655003619104,2.642659661504784,689.2588770957562
129.62681128117225,0,73.31178276809989,2.4632885301181062,3.2606399525069074,747.6775800614224
164.07778893737822,0,75.70052163113182,2.043514668643466,3.16083927068825,756.2388539474468
189.32764241440765,0,86.6187830260819,2.558139514518506,3.08402990298341,823.022518214433
215.54537827990023,0,65.72646865809426,-0.529560077694303,2.50242575907331,740.0733823639533
273.7678108474776,0,77.38368982734785,1.7033925409302015,2.9092484189321666,789.1404433331323
242.88298116010097,1,84.7519762978243,2.241321934916781,1.9114674767785726,768.094255909164
192.00307350182865,1,80.01094169939846,0.8489859163804929,3.089238331942695,813.9064303029289
199.04918960486555,0,76.89581616598744,2.38632331781156,3.714428853906784,805.5354989969827
149.87353176810956,1,85.01046092567141,1.7955287790138785,2.262933933978947,761.2615749129669
199.0743432003805,1,47.967677070007625,3.75547569831549,2.7070361633411224,655.6424227022429
185.5670680539931,1,81.77875319530908,3.5730197252148566,3.164553389355065,824.7140169593528
216.13592801690447,1,68.45924316872576,1.5341944308818372,3.626421317213742,840.5868713852732
158.63845282238384,0,56.69367103143543,1.8491622884333048,2.7758876918499253,609.6781705338974
225.96732571205862,1,80.11202599524981,1.9260524343916074,2.653874835367052,793.6280518997377
276.6369456501289,1,88.73658545162958,1.5483405238403773,2.0155384287919587,826.9209813952691
194.56199257715713,1,73.62551485372308,2.1950249840281266,3.051719064654053,753.7124978269585
220.08558610494708,0,84.52874547202939,1.2417179311124098,4.021038020071872,960.8013304086853
234.5071995855556,0,91.12278257988646,0.8693846650624737,3.138679230982338,858.0789201959352
179.9389764057082,0,88.14914453584048,2.622711223900269,2.988860510408143,825.0312542470124
211.20462409052084,0,91.39964529371393,2.6295295842218107,3.1610411553834927,814.309400288145
200.62962003908973,0,82.42127491071892,1.1956842403400076,2.994453998025699,819.9749458886959
204.8838049274416,0,75.75433638901593,2.8953554307625997,2.593492813869935,731.7676497226029
161.3495108072267,0,58.980341881028316,1.3684222708346687,3.4116399578388528,714.5823000444705
201.22550871294715,1,72.53937511870052,2.2531652380379814,3.112880761555877,772.2331980711903
224.8999145622725,1,66.56753404683808,2.820344012612456,3.0088066259668285,775.4512956738273
272.5571803897521,1,96.70942717497815,1.966387435296287,2.512316986360875,865.9018648108597
247.96354130426033,0,73.24114187567663,2.4547409121411343,3.6517539659673797,823.2325698529544
307.65912287557785,0,76.23204806784486,1.4835703561124283,3.332351372666555,884.2716285112041
161.63262185559753,0,80.51485376040468,1.8035334165719028,2.723539581316349,761.6102615078604
243.61603183603393,0,75.43602446372454,1.7941405691196597,3.5009124268409684,831.5934635057529
209.1671002869176,0,91.95051040430752,1.253421653459761,2.7512145808073964,797.6791464334533
309.4901466608836,1,68.77350638265548,1.8232258368842178,2.6089982537444816,810.6478036145509
159.58508573224242,1,76.94607455237242,0.4513817011362533,2.6201484412598566,772.6053798735472
158.0139078909612,0,67.57529414301952,1.5088462528578952,2.1144657234559543,543.632066530682
170.0303677277989,0,61.79977488779294,1.7151245066303291,3.235771190209103,723.9188270469667
93.80521378450966,0,68.88230909094715,1.7438202475046198,2.084427560830825,581.5917209389361
173.71224891596194,0,74.62963202951588,1.7585025541292212,2.385778084367119,717.0706049404721
162.0433669223151,1,70.7069777548274,1.9382358001398712,1.9622059954607334,628.536698214685
207.51968932381038,0,68.07579020126144,2.479441518086064,2.9569651536045534,619.7397814519271
217.08779878885798,0,60.93682536328166,2.8745170741325223,2.924839769864064,685.3393482062739
293.8085419607943,0,74.16894427371305,1.3502347731517328,2.836651893406818,796.6587442585861
247.5211919093025,0,59.952796259689975,0.7967991446108555,2.4787111526647116,612.7075522452702
171.15481721687985,1,82.60055963689602,0.957955587756897,2.41388312328168,751.0339768675209
155.0792664325821,0,75.82439752934503,1.5127970788050729,3.232184931773287,847.4086755638913
224.59595857532528,0,60.4244850053507,1.648078682183491,2.724724034145756,661.2437024825427
133.9883396489679,1,71.90790922950137,1.2300039338025428,3.1581791607680723,801.9803620020591
291.5729382927177,1,67.47843594409417,0.7038833357501055,2.557375656937889,762.357586382066
258.97200603606433,1,78.19174510419181,1.5438791725258119,3.0905313713855413,801.3499869866924
176.54121739476477,0,88.40450446023145,2.1814266201139714,3.651639018658032,868.5350192593261
114.34327354545613,0,56.248275303542556,2.5950294658355646,3.2930829001963917,633.8028718431411
267.69361870827066,1,76.15026079147417,1.4425769468916787,2.79379309089176,817.5553057717142
194.2730077373691,1,73.3986720443336,1.587002177856566,3.1285994851779635,807.6805657643914
261.8908155986731,1,81.71340076450466,1.0733016911526891,2.8796674127348934,874.6741841331914
120.27861706028165,1,77.1319662823769,1.9685608296252235,3.003940092347364,772.0040323428952
170.03124885231136,1,67.48030668261181,1.1515713658091853,2.837194473925748,706.7007065352768
200.26218498590916,1,71.80946064333382,2.5731278132412,2.9178323970573046,789.8159010298003
202.3490296882371,0,67.03974143196511,0.21413350806588882,3.1060466765370878,686.3554019173213
177.4967264260378,0,85.76007138598598,1.6403703275475376,2.503320650209025,689.9663581698499
231.14249661737495,0,75.21311648671943,2.3011073391917423,2.4920605865050107,740.0072308419153
146.61897853087027,1,94.01190685753008,2.1838345163225044,2.3057287230843944,817.3141588623605
192.88102574893531,1,74.39339186185379,4.693033663980497,2.199864447748145,689.7417193665251
206.01478158559493,1,67.91593233089537,2.3498000245679074,2.3913586538897604,666.3614624479192
225.72194170293744,1,59.862856073871725,0.9959454031579897,3.0797312534020644,738.9515943092316
235.5807439044445,1,56.96860323744055,1.904535752910927,2.553606242254058,681.0662524051264
143.76789540810654,1,59.158640569945106,0.22375366653354822,3.2568072321155483,693.2435180427747
123.29429146321888,0,77.67126651011483,1.919400250703239,3.017356874376281,710.3743034720823
263.88384109492546,0,80.08725023229934,1.1669439429992412,2.015747893280973,741.8534317523646
216.61570059897957,1,59.188092979678665,2.9153902755601617,3.327487792110845,800.6623525820426
162.57567317217232,0,83.95038314076115,1.450459725404465,3.405399322795855,814.4920447356762
277.55759877612616,1,70.1693894831656,1.8832340842047535,2.5030686625825735,793.7949228495839
205.78373171464293,0,76.4679301198555,1.3644421585955966,3.210095771447496,735.1748698977686
258.96485920319134,1,91.12220628255425,3.7388513518533313,2.5717508812954004,874.663572858782
203.37592407050545,1,83.96839315865532,1.6787572338820884,3.048835188374168,835.5074218853008
303.03739624409934,0,72.31469352094167,3.832557043479202,2.3677507965225173,720.7620434454568
287.7670421221602,0,66.08807774584713,2.8141517621182666,2.1034467737327116,649.0944969952129
187.55179257604632,1,53.48184598670695,2.4820667273353862,2.8085914051935155,706.8360197610706
248.57854754771776,1,67.8084668075758,2.3687331473175197,2.938135526862582,757.2247595746234
232.2687974792574,0,72.88869761172306,2.3937972982162514,2.801160153192698,755.5841180622062
268.43157787661744,0,65.12820472848816,0.07232742065439002,2.40798472088872,691.5467865641816
151.7538269709948,1,73.68743032907695,1.7211166058492435,2.8000504689344314,752.358781625543
234.30257299992195,0,75.76851882958768,2.845157971184322,3.134647376290367,775.4914217703165
252.92122434247938,1,72.75144018191921,1.9511028165258946,2.9775534849387313,793.0919402746265
112.06302567884428,1,68.4999741917654,0.5948101531964249,3.0912505152996066,751.2853648190454
140.83707436671125,1,76.68654671966728,1.9475955494225305,2.6649423997728836,748.9901086011004
98.03839111199497,1,79.41940649569409,3.704105516255491,3.58585895735808,824.898276059923
186.5296582777721,0,64.09600922557154,3.2468917155347192,2.4119133317226096,625.0024456544434
235.8771127897981,0,89.10932379746271,1.9379959906339683,3.2437801485433595,892.423066818576
275.1178526048014,0,74.01411867715738,2.9514492770580865,3.590945546479981,864.9148400470259
203.70473902098877,0,75.18849622944848,1.6334929796319482,3.2404540463744476,753.986625844028
281.4307772785646,0,82.08214423256557,0.2961284131732811,2.898737886467585,864.101789334859
130.99492708925544,0,77.33216131263502,1.0755340118704457,2.7358514766685103,679.3979848426537
114.83087803224227,0,84.53136633913245,3.5628887685081976,3.518043825523128,813.8834422231463
197.22261505516906,1,77.87124165201824,1.7260069181706958,2.2885125373691633,768.150863883971
219.20327244696537,0,68.87562625359563,1.756616020624982,2.5149378698101783,630.5678875163536
198.36526259529535,0,78.61503525206102,1.7001618037251194,2.8012211172541392,758.1676786419978
96.62789499800617,1,63.56273792679338,3.9041365895730067,3.618826878755999,724.9140757120305
195.54399802436058,0,76.08559705776523,3.6259589153620633,3.189883818020448,738.1658192113694
134.77652497475734,0,74.6677000935554,4.218780233448134,2.5159771207448776,690.6622426161322
233.48362744150194,1,72.9188314272746,1.8409547895999487,2.8448461473075484,777.8006634727567
218.32991230484242,0,73.71462488561069,2.295624488747095,2.6928384279518527,699.8743706146474
153.00601068363224,0,56.18150954502361,0.48335745057920887,2.6451055038832325,619.358377149618
174.30665413316532,0,69.51275092259039,3.4769344261182744,3.4894447792783896,769.4599077351434
147.0393239055524,1,75.92844901141115,0.832220448732065,2.3141284353682474,722.0030884790322
196.8660451363414,0,76.598563919974,2.216775563762629,3.8043904278671867,874.6882456872107
247.75711602506192,0,64.72324859074041,0.9026974723671559,3.4141148450923113,795.8085806107152
150.71369768322282,1,87.65707840864701,1.411133173261304,3.545430835301849,838.7276530904754
225.20232577589223,0,66.33825151785499,1.1627375689502997,2.768530243987371,693.634060281245
173.48711908137795,1,84.69457200526736,1.3921247393241822,2.9250296404604454,821.9428732392774
160.3563583868828,1,79.27194361871685,1.4608772968510215,2.283424092737644,754.6523621951624
194.64848200227212,0,68.53772690156197,1.451731205074923,2.7376687964665987,620.5179314136332
148.2378838790313,1,92.75310892609512,2.833333911780307,3.2468274238215753,960.7041810958774
172.3175347326409,1,63.0636316824352,0.8951372069374799,3.648031530890698,823.2594896450178
140.10610537055757,0,84.19154173610002,2.220541427013867,2.4464215915987744,717.9138103730485
298.2362566458195,1,85.00582318042979,3.2179591523055584,2.817247031507367,909.1393873453142
201.76317759858642,1,68.29379790923355,1.4868036354866039,2.9243503898837386,840.2272025633475
165.01372460037072,0,88.92465300064329,1.282081109252398,2.302105398903757,770.6422554389055
210.6989955367111,0,72.49953485401048,1.7694753748197491,3.2956746208792,808.1842732722789
194.38359751545852,0,77.88693629279857,3.1797252083607104,2.6380048341286955,722.550412284916
188.95152002333884,1,77.6032183877122,2.194107630953358,2.902304824411488,796.5354854808373
230.70833500217125,0,73.65691258529452,1.4687857053924014,2.774025314044061,732.0795414578934
237.87538550236525,1,83.10808273159782,2.48387665118804,2.605330747140163,795.3890548598714
173.47494261947364,1,82.93488720552213,0.8977078501635767,2.9964775072597227,821.472156570699
171.209087967766,1,57.51468026761819,2.681359510442948,2.8921952107159887,645.067192358854
186.2474151424178,1,88.04340242878152,2.4086073077017676,2.814071058860667,838.385609003615
84.90394176322076,1,58.37508011964326,1.692191528861116,2.6357691891598285,580.4423477904068
124.24044689007239,1,85.32546204341658,1.1614142015527689,3.159762335391478,848.8371209100504
268.34371337222626,1,86.26705136827583,1.1133190777165427,3.8268086342461425,985.9648679336709
282.2483856750642,0,64.09033569784802,2.53481733634591,3.0699436164195637,747.63011855687
187.54819802218108,0,70.89185712045415,3.228980502489062,3.4980591074555645,750.0855432334273
228.8278481527883,1,63.94295331514064,1.3626922529712053,2.3048890374232687,793.2964829701273
215.5625077271768,1,72.85078969711265,2.458386703551484,3.0788807196468846,846.1428842837346
353.9440404227619,0,71.91965715814258,-0.08702701860206874,2.4513158405144666,745.2358852370195
255.97874557172884,1,82.7966053226934,1.4153822693428004,2.2615375362340493,810.9583729521153
193.60412042596167,0,88.10308746119608,1.968941067129098,2.6303142962704817,762.4193321865987
152.22297796997873,0,88.95683810789956,1.0903165830181663,3.5959496672067863,839.1530886137617
119.67768398712137,0,69.37831973421697,1.0634936252104041,3.4750079143348227,703.3941337123057
210.17318179336115,1,72.90778126255472,1.3322204435311138,3.1215023610271997,831.4200295996407
162.18246273578484,1,58.1656180777905,2.292192728326373,2.2336497200550345,601.9209594269973
128.8873145201163,0,66.94129933503811,1.8126709815936253,2.9018596743060314,700.2441922706716
167.67135578787367,0,84.64851633097457,-0.2382312333249721,3.150850004450868,854.3590387630593
145.92259981928026,0,91.15582823548232,-0.12070015263506617,3.087768114789299,879.9416856486758
284.3570817536282,0,62.65651128120078,1.3931348221428246,2.078103208259627,623.7684669051293
244.08198784747253,0,69.07535740847106,2.457686586053552,2.554841075990064,712.5859910253228
199.60136793416913,1,74.73594243041073,-0.7475048427252347,2.9679611179256415,846.7251828382238
273.9972069445013,0,77.80161158819607,1.5002698238483694,3.268145454758595,823.5931633974878
203.8684153823809,1,66.90396480078354,1.4737521434825789,1.9019360894500268,638.7569604834989
156.93578993358682,0,79.2406104446409,3.388337778208448,2.918938012260071,780.9669906071996
276.15620386348286,1,70.26160652929084,1.6149781882871364,3.071524384939476,837.2136674612334
226.94550218423294,1,74.85547729121721,2.3829889847409285,3.4248059942581066,875.479879647956
148.13769228367718,1,80.462842480037,2.1412571400874634,3.3464287921187186,814.9510859981831
190.4830660958196,1,75.06422269810938,-0.1305664798072006,3.2912856594044024,814.4183432813031
156.21908733076214,1,70.63614109473431,2.7682072166317373,2.600029746649033,696.5276584028753
130.8600134517832,1,73.90390196074169,2.215396505456288,2.045998931438346,663.6748029971719
246.30887737658207,0,74.11637040794665,2.5082686396745895,2.8034736214692995,717.0743662736878
295.47083202350655,1,71.29988970117873,5.926237706436327,3.50081591260428,844.7587344542002
130.07162130904294,0,72.41203937332898,-0.08411293949858845,3.6967272637622157,746.9547076503188
228.14846183452855,1,90.98647170504717,3.7246966497611087,3.355274551148893,883.6856553856823
167.46787154390864,1,80.6091944794124,1.7125524805996444,3.214670411400867,861.2487619514128
175.6437308117652,0,72.0451968197084,2.2873289044030094,3.1898198241929827,762.2702584880296
170.38030378805655,1,81.96954404510736,1.9544877546987578,2.7219406266196096,785.9307542729324
156.8004615160092,0,71.6618051024399,1.5757636666019565,2.93496985322319,683.915675654195
202.42608139724135,0,86.73124637586642,1.4301670717612414,3.8345347629131656,873.1989716058765
158.4524941794481,0,78.69642192198094,2.3295087355730093,2.528720997104062,691.0873216760654
213.52284128899194,0,73.92697855995772,0.4828263033283209,3.807389395354926,871.6425446958526
197.48809452754315,1,79.47716925810278,2.7505791675217655,2.8389859227539707,830.3700648947946
188.05259765667952,1,59.291238479315005,1.583805595114746,3.6627160545475395,776.0200886640622
154.6218168979201,0,63.73232531090195,0.8699306609596422,2.2965924952512307,582.327705139453
171.16143347158336,1,63.060749936009444,1.5499871420041864,3.2929521005823243,772.7151141900194
237.7695612912878,1,76.42943094763707,3.257149216862573,2.631614932026189,756.915887299047
225.04585938121903,0,92.32514999485092,1.464664912983777,2.292366404037906,773.1910917729808
151.12223776007244,1,97.31300146192632,2.3584536182096203,3.109267021205473,939.2265748412301
204.9666152714613,0,81.38051101440757,1.2690437242845267,3.5047358942979843,871.9824777516947
237.56935616858945,0,80.00844474944456,2.7579218499236196,2.577529280703252,753.73984077015
116.52973594393141,1,56.989422658472606,2.685507738790204,2.2504920197707996,553.248535820125
227.16800961899676,1,69.57326200265979,3.8486088332964115,2.9540776178325223,774.7138852972053
166.86881205270765,1,67.12216248091761,1.8244360545007845,2.9562823356114096,778.3088101707009
228.52993342965797,0,68.79152401748884,2.6686548047579066,3.274159813777249,747.6830101594529
161.83704217287416,0,73.3185618141521,2.0980675395389445,3.474797285682244,814.543806029634
109.75589496677405,1,70.27909422302872,3.2958717818630143,2.970292409363753,759.126300401822
118.62287810584186,1,55.20700189624212,1.2811676123912696,3.9277516573971316,815.2219231142361
202.4042473330691,1,82.47910256117534,2.7450053128772813,3.112117372267646,856.5166143663438
212.98612508607408,1,64.27256974260193,1.8053027038833183,2.82678674699655,760.103309911049
154.78416874477958,0,77.39246864111149,1.9358118228915022,2.194216320448586,706.8435600438235
231.9296229388687,1,95.74082669749973,2.091752484448373,2.868670239841916,924.04026220871
116.923996886552,0,65.80615408413577,2.2522403964266773,2.831806527294432,633.1139943954249
196.69601006763418,0,49.697124772536704,1.8837709568780419,3.480152398140735,662.5548740459578
139.44919001187716,1,72.13995778119889,2.2147131831705265,3.231241812033427,788.5580818967826
167.40819460989204,1,86.00959634998571,3.5781180575621843,2.4103154391836914,730.2855997392353
202.3699335658207,1,94.58347454220593,2.9854496856152184,3.0861271932055185,898.5627944974138
156.9793317358024,0,62.70450405547583,2.8691545924968964,3.3357655858645265,729.7936123536716
180.77222278850874,1,79.96699223236521,1.5444604739761294,3.7640156796939164,835.4404202507524
250.31464046072202,1,70.34689543219946,1.1107591717716758,3.44375198370703,906.1938670981799
171.15540652384257,0,73.94051645695865,2.9553005582377527,3.380423327155739,797.4408392410057
241.7846056032571,1,101.44343347017035,2.8760467925297943,3.0300429973075818,938.5603634830263
143.5146572671191,0,59.970296716048466,3.472670675750982,3.1941560027117246,672.5994305636189
226.49020889576414,1,77.53739661494573,1.3960193740307705,3.6247524503530792,899.5415706248009
272.078431032895,0,79.67693171765433,1.7704513446396528,2.3336113012601754,786.9802018375007
76.41777499363553,1,85.85786324939347,0.36051583747456584,2.825280336391522,825.9015732912899
160.15523722647617,1,75.97983153470895,1.607528893939127,2.6137156256218796,713.2709282140894
228.853606359027,0,78.08050539504103,2.9965705105794473,3.1895765593630623,811.4391533891558
189.84773069785035,0,71.08351432578209,1.5335046207718022,3.615111087825394,790.3486639433596
218.55729366856545,1,77.69126941245108,2.640479795200824,2.701512856639463,793.966458724019
169.80074066420897,0,71.56807724502589,1.8094968940021887,1.804847816265281,583.2854122146457
204.329489373645,0,81.21571889856051,2.3240570282215605,2.793889627487765,816.835843719811
192.216138230396,0,71.30389663956366,0.8523086101843327,3.4567368660087032,820.9800074091206
258.38910308299035,0,78.77100393902187,2.085209449633901,3.2688149514749396,806.8858369685705
212.72104216506065,1,74.70737186315021,-0.9911359709007233,3.214093123905288,821.1797342905106
216.8801331037601,1,86.26050250772168,1.8131038418380152,2.8600033490627603,846.0416966490488
179.40615169387664,0,74.48606276411513,0.36952675628485987,2.360484631890107,707.5216646764152
175.61968879637533,0,57.26967531793119,3.205994516546816,3.2576471608122337,675.0691672219856
178.37209060901895,0,87.61921500713991,2.777407352764511,2.5828590949826875,795.38794105388
219.72260711891485,0,65.94267699137382,2.466670981966081,4.0920483666902285,847.810407031114
178.95077595898687,1,68.46233661351181,3.52100622715938,3.285253604177258,804.1894399657716
214.48874284482065,1,69.04338705956508,1.0510834791751629,2.7096758487230246,772.7237188190996
303.77003993227197,0,88.74438093170818,3.747363197915558,2.694307376305686,785.8850683697601
243.5562351715846,0,53.64325786021304,2.9321915642603846,2.9535278966932057,650.1543249791672
183.69882339160793,0,106.37748533659993,1.763444712781054,2.8802490389891253,925.9299873471656
260.06069610819725,1,85.56056809066052,3.1356201471829444,3.5584168877649773,930.7729879563302
179.59623134892243,0,77.23238914129159,0.8937064875883658,3.0932080848720234,791.4365160509503
98.0937732411073,1,74.45105999383713,1.1754858384723263,2.634184130545736,713.4032918022057
149.5956844541298,0,77.85554074857657,1.3914102767602996,3.9452203425778913,813.7891220038786
106.46040394870721,1,80.21122428379338,1.4710222919359848,3.0246541657601114,788.3411951285885
182.42432579793456,0,81.45215585950056,0.9434423572397472,3.3844198379844483,836.7519257134971
200.92091895947758,1,80.55604466003449,3.2230830670953248,2.6958867462776204,770.9278951528768
283.82186561376415,0,75.8958068125525,1.7411455996301684,3.1815578138722618,815.062954914869
216.34636868820814,0,73.02661579692673,2.3525049683568797,3.1555549955715976,737.1528159427493
189.04497355955678,0,73.48726716346488,1.4296486335863194,2.0551753539519235,686.7572191833548
241.47027905917446,1,73.0509171964732,0.17939669945148284,4.00763755523032,926.1258413128294
89.44323454960575,0,86.33770096867065,2.270057358391422,3.6453222304612733,861.8244379341547
211.7807279054283,1,80.93556722280861,0.08774502458022315,2.801402341927006,885.6934195298829
238.54325969434834,1,45.59611365335719,1.9313659539145314,2.4488651297720723,620.3936726103698
126.07068771100792,0,81.55900776529761,0.6316849611671895,3.173780806901776,751.6381517840772
257.1877021603465,0,76.94736194718774,3.9872759992308078,3.0433488497071983,715.2158494625237
216.9248203747207,0,74.81291243554102,2.911362722174722,3.1778344742816147,727.035680380676
179.23560430495994,1,71.11481546911114,2.1057537912714803,3.095788698097045,742.4981666480655
231.63909330531425,0,86.24112719986013,3.2637066776546684,3.253120494652963,881.0542541645525
313.5346428902198,1,84.47526462122858,1.1536840225342642,3.7236528496959034,993.4468269123089
209.09331275292476,1,67.27122332176391,2.543479378670093,3.284051602564323,805.5612751777729
212.4110293150168,0,79.07052287124534,2.1998104337187137,2.4751722505450293,660.4646194629971
177.0319550229878,0,65.28343265458714,2.26402008133367,3.681281426356226,724.4820897301977
157.50778152676043,0,61.203818352110694,3.272353500106768,3.8203072817441437,760.6925689906691
241.51679082721228,0,68.73282775410036,2.732492102779802,4.5760283672560425,903.3036732533917
157.19580870455664,0,83.62393472382759,2.2887236628250234,2.438252983380201,713.2394813206182
203.57831186096962,0,84.53125045376086,0.34511256377170385,3.1214410065751377,850.0836539770895
176.11712766174418,1,80.13085420097293,1.0399537047205363,1.9589506484055064,773.2822968131564
223.9489912873196,1,82.25095786847997,1.877291066404276,3.2765745781896047,875.4825582348658
216.6831052643474,1,80.16178287114958,2.093372374276651,2.7258998509166137,812.8878224165587
251.87699721289496,0,68.58518404777048,0.8697962753260762,3.9617228974124767,862.116653395226
174.49918005726266,1,79.31922544673941,4.411676675578422,2.612692514990709,822.761491063835
186.50625323533143,1,83.00409525227683,3.516394055253573,2.1554084810163694,675.6698224955803
151.06181421088462,1,82.54291329813574,2.6021183203924836,2.7643681296487403,809.1577938007345
177.78533699619442,1,86.88913371474644,2.0720368612837445,2.0122561143914313,750.3995124353631
218.8650246522426,1,82.08303847201064,1.7877910300988482,3.375549727253655,906.5279188960768
237.8494308322676,0,78.51448207541583,1.0480815399777645,1.9674584768718397,678.0409814607775
153.89173379111872,0,85.70150238316427,2.0774805185188625,3.0142287905915794,784.6325017595966
243.480296005283,1,74.7347874075094,2.2577525401427505,1.9610940900719016,740.2882860299161
267.78189294024753,1,66.18125348772283,0.7582394245183757,2.839851097731679,884.5872354680372
220.67174516118504,1,73.36933036056236,2.3341764172448976,3.821689077902267,910.2507536832442
293.8397906279033,0,67.55097355193551,1.8447409511752513,3.1803239457178973,758.8177801927512
161.31054004482135,0,68.24821725025619,0.09219244212260902,2.568253197517533,665.0869611435377
137.76726483442914,1,73.55481329284483,1.139614989220498,2.9843982555304582,760.098951290764
111.06398755478607,0,67.07580079000039,1.5863944665783558,3.0090084360222233,622.0786014849333
274.8022155744592,0,71.9203847036096,3.8876876573401904,3.236315172921703,771.854966273003
232.71828281770289,1,56.063853330462145,2.556553124533758,2.316570818359587,674.7548311064355
197.22076645447726,0,77.13293707372938,0.6645184309001086,3.296283636923665,769.0312844069472
213.998431315991,0,75.01205475362224,2.486036289417637,1.6478041841986124,653.4340244833093
143.72554763508117,1,66.82911368931809,0.4526960110616345,2.685057723818095,734.6203991678543
322.2875989808413,0,81.59245668432405,3.082691053887073,2.7558630787742278,791.8384805914618
206.46105909876138,0,84.37570137626558,1.5288753481821213,3.316663413035619,837.2407351323138
205.46973973024464,1,58.924401356310256,1.9063638112608292,3.0113154263384345,777.3744353971397
236.28833119493459,0,67.37275221433785,3.32579664754219,2.297218473071857,673.4782419060963
224.05046158683567,0,67.30857650212701,0.71283643141575,2.5075034370914926,692.4536023459891
211.19420121395657,1,65.60096898891135,0.6028818148870088,3.0993400047737034,780.3766283712058
160.4762772277344,1,83.29474841931749,1.4164006736539951,2.960466329067722,830.8927789942367
223.57341785679978,1,73.06173861227197,3.0383788510193166,2.710437945182127,752.4025012595101
294.1012248237517,0,72.35485158689389,0.4806539245231576,2.7595831052440105,716.8341564539443
267.27100230774886,1,54.961376355932465,-0.8321555981105688,3.3480839985796447,862.8376760886488
279.65933133196984,0,81.35418030209226,1.5488411415910013,2.7411537135653927,809.8872770930576
174.43921617844074,1,62.60741605146528,2.5517407999109203,2.9559543779854636,732.27913609966
150.51975898707096,0,75.59932630266329,3.2002617497388295,4.084968294040271,828.0134904171834
193.7106539950176,1,77.77376937958192,1.536838637914601,2.2881586815580386,727.1181516503386
202.78624561443473,1,88.60658595838652,1.5885733928839976,2.074078634212671,780.3704476631139
254.70957592354742,1,61.91179600880888,3.153900734255747,3.3917948323993032,746.5724010373617
115.37676851425903,1,44.80487844179174,0.1302583003045794,2.6606784693529484,664.7906353399364
276.4775159730307,0,76.83849544753694,1.6114792248169907,2.84088123612869,753.3692066362272
192.09960507105052,1,93.00511181510853,2.1904238899250577,2.609421810934443,819.1543152898463
178.655946502629,1,87.38946352939438,2.4492187212850345,2.8700999296162437,825.5853205154683
149.39478123699163,0,77.09659415274626,1.4901933068091173,3.799269056048171,863.8476056645244
117.25716640671153,1,70.08363814367952,2.0344410117058414,3.4010642293090596,779.2440567134806
241.15852919809572,0,83.0712259663731,-0.4883273534129895,3.4311117559434887,846.8457696784784
203.6658983594202,1,65.26453800295532,1.3417515876661517,2.2918864721036774,731.5569213509132
135.5019550129473,1,79.7635776935622,2.4535087125544672,2.4244231317235654,756.4061108246608
135.2460613968192,1,80.05470159166627,1.0177059657453205,1.5804606702572865,681.91859474151
183.21076503549358,0,85.6020990749888,2.0589842215895975,2.595309589458623,780.0290218577824
283.45107626446963,1,102.59660038911078,2.446872500802698,3.478351593192829,1099.9058314065182
187.02043243181976,1,78.92415967178766,1.657450799142235,3.2584732578741855,912.9566792219277
124.8428523440947,1,69.91036374292501,2.170463770996571,2.889243368523938,708.5914837390017
187.71284679570277,0,74.74425687808005,1.0372674347153876,2.9888498581409735,804.8065690395297
186.36382151261648,0,57.30924095110882,1.7933887203039534,2.655557228712297,638.8449968728095
65.15566785292143,1,68.05286868910942,2.6102161695892225,3.1023794412008923,721.9508342803373
197.28525667410938,0,70.90717561886896,2.1569729609684343,3.3829391397403072,719.1345658464461
188.4532734895661,1,69.75911602065408,1.4134687304360645,2.1920566062947637,692.9816172115234
234.8103182406709,1,76.52354872033722,2.224216404290793,3.149823843918674,818.3784153608841
292.44780474726724,1,66.775800676178,2.714609790636618,3.4662174354773336,874.4203158426901
256.3282514773879,1,86.21030667324472,-0.04994127857747799,2.7924498555183153,921.0924724546079
186.55556547225848,1,75.00207064918197,3.159074064955898,3.350350306060292,759.49783540802
144.6737045629165,1,74.90699678861385,1.663745261318928,4.407327222236276,920.3060599148378
328.667990162493,1,71.72105283487082,2.42548993324023,2.947828603506554,877.1230654176813
202.9609217007244,0,76.55190683858979,3.1972469236452277,3.1966535250026618,766.3325094377217
200.6964645956473,0,83.25098264667635,0.628326302769534,2.630971458169304,795.2889376705115
198.79374564449984,0,66.32869784289099,1.2905589975724534,3.0906255813010253,737.7322942198953
209.90423803839275,0,68.41883510924744,1.7114513041242951,3.230135812491152,763.1951697318846
192.78197940380286,0,71.96273971223336,1.2162464788755716,3.097421170135069,745.6448911457705
171.31689965598818,0,61.54129076526785,3.7349365758368087,2.4901523401455714,568.5333477864511
172.65705293798038,0,66.80742140278502,1.1432279061732071,3.1031808856627254,685.605538564705
198.3623364892001,1,70.23779126455341,1.4444532205131333,3.731097969358818,880.315964731777
172.82876144331175,1,83.74389180712727,2.2043890316029766,3.224317882257264,856.1054853325554
164.3577108661418,1,77.62561329001925,0.7978504739239112,3.4809935945359207,856.2724092593033
205.32151138459483,1,76.93589911367545,1.6043192882437363,2.8814940149936863,796.7297586079354
187.25113912895725,0,83.50897962167971,2.3174532612501753,3.374950119711855,816.3352816671384
275.1996494291344,0,73.62628211600604,1.6671395956174888,3.139633919108263,834.430585083893
67.45150958034941,1,78.9046484992889,1.9066131411000518,2.524544635156384,701.5800069352163
254.57534259612308,1,73.96778247067503,1.4706678875516292,3.1592605023994373,808.114013616817
262.30425962488147,0,77.65362349399628,0.48552969081923303,2.5041516682798446,787.2896704684193
96.33048837959252,1,69.17241342388418,2.3215932113392386,2.683559862557604,683.0210655356435
182.86562029598255,1,50.611828417235714,3.7549330716472413,3.094664153646187,667.3509128482995
181.42795670021042,1,73.65720837813696,2.0184016307834383,3.148622136690062,851.9055667939472
129.62441526410893,1,89.2274813609994,2.2252641172475496,2.4053837674614353,778.6185332902043
161.10916562045622,0,84.26215402241593,2.6927227551168595,3.5269928855914383,836.3129241238447
144.47120772670857,1,84.6539748459117,0.7306695034533008,3.2860031391502362,831.4313922344535
287.6135221711811,1,87.36130721806218,3.702514658129606,2.647635782194558,851.7616452435323
246.78391965737305,0,75.88657590961438,2.202328796422802,2.231207601775412,722.2080929463297
263.57775474970794,0,76.97315707405596,3.631856899089109,2.9275477104592844,726.4296527849339
236.08360320216175,1,68.8234810456565,1.2669670044760106,2.77702814306942,783.2177038850164
143.54741143913856,0,71.8392714397295,3.818061922557825,3.0565702285265113,701.4701987246339
173.7739866860113,1,81.15771149771142,2.775155494034783,2.8184416694222167,798.0067865010597
224.4687280613959,1,87.03884437168816,2.5530400858523583,1.996271569627495,802.640108953112
138.89360955540275,0,73.60553724319,2.234024454353148,2.805826530849421,705.7500549805176
235.6499215086194,1,70.49810735148588,1.7514713819255507,2.8471904444658436,831.8619850897612
187.98373009209325,1,75.00527958856597,3.2005316584738726,3.316830512387029,788.8883121750196
181.25895962252014,1,81.01206748929116,2.140359869848047,2.6509001626944753,793.4539718452335
235.54799841017456,1,60.56145183866458,0.032930296412847726,3.839337336686283,856.7196926946085
222.213165574302,0,52.03819046862762,0.8828135382929976,2.0441797246741213,534.8097374021188
181.951691709046,0,69.49463150508416,1.8141542478072528,3.655583748901312,814.5546858547428
257.96649016821243,1,62.79287574085841,2.309998983165555,2.887840514560948,828.3718845884221
145.94683362000512,0,69.9185980235269,1.9434115111001042,3.429792436171778,745.6013531992988
230.7967803472132,1,73.52219681182528,3.218970789793663,3.0399007420293667,819.960373185946
229.6550628984192,1,70.46751590976987,0.048898135961375155,3.5697777680127345,876.1894607141785
184.5226780343005,1,89.52467534470745,2.14358793650516,2.8063190177235944,827.6731980507801
216.3066511121059,1,78.2674476460232,0.18202077461284527,2.450689787411094,738.1165264470894
137.44432118073485,1,78.00474359610828,2.759712295484168,3.7102521436355316,831.0007654867594
246.20135096034505,0,81.22207144043402,1.9055412855579972,2.943259677058929,762.7228361041036
190.75489317785053,1,63.61166882219231,2.419609972024118,3.1107792368121054,801.4406770026297
173.86384897404804,0,85.39111787420269,1.1361170394102338,3.6173759570223973,860.8106483484777
252.45046129184448,0,74.2423571346454,3.279464931657751,2.4840223789527824,702.6670250264348
164.78281547286204,1,81.70480617241212,3.0417246640588513,3.2977454488196285,866.9473515835001
129.57693518182202,1,64.28142766959844,2.5835443030118874,2.7050526217685547,647.2128919999632
122.16854132380482,1,59.46241233983936,1.8704827531365593,2.933915322177814,660.0771159073785
230.30049756728198,1,83.17889658025028,2.579857285295132,3.0361394826921444,860.9022751786142
135.97853237518586,1,78.76409526097517,1.293107432012651,2.249889069276532,754.7306448426999
287.7397090992182,0,65.9794844564249,2.855555659020712,2.6105814785897827,721.3204194555683
95.9035296058139,1,66.30336918725305,3.649480894323921,3.6755364462065696,767.9772006920665
284.8228184145019,1,86.2543478441477,3.070610559979186,3.443095594292398,939.6301343145178
210.5508733601309,0,63.10588107132672,1.2703975301925905,2.9686802113363826,716.9759635342147
195.16434440648038,0,91.42672953255963,2.361417317273103,3.1215617292564466,849.3074067728296
172.7540456595525,1,65.99379265352131,0.7068584562413522,2.852878747181771,713.6661080098384
219.95680571760354,0,81.38391925608383,2.572390311175676,3.678291692913991,860.3856419678577
198.11826487875757,1,71.71381524251015,2.450603412862539,2.899823711102918,740.8938858660634
255.16509410082608,0,81.03187431082343,0.13018366046783592,3.115921046067424,845.4646628936189
205.711382433102,0,69.55885997885807,0.8382161560876362,3.5730150720710325,785.149898512421
207.5150880730939,1,73.37207093927705,1.7168611032562329,2.611314257577047,840.7621621415605
181.81938938930722,0,75.40919175395722,1.6991402528591737,3.779394592248447,827.7068786481414
197.15271881394662,0,64.97812544218527,0.7905230645811947,2.2347692951283116,596.9114984970713
215.39008844460295,0,82.40824345420125,2.388978729352184,3.814821065556399,873.3031744351181
114.49158036716872,0,69.86786433528415,2.251473608940512,2.8136622080240126,681.0173589421379
132.59072889471435,0,72.71400084659982,1.8057308680214808,2.878650626087359,749.874040993453
237.16320470113575,0,65.05650625391488,1.244208499841637,2.0549949144085287,619.2379680644171
208.54327190639708,1,49.376663412046895,3.0487071264165637,2.7726026413111535,600.4553066596736
190.80083318236603,1,73.08972237399831,3.6554071130882955,2.480096734486558,746.8097411218769
200.92169665326966,0,99.12615421612915,1.516438516153463,2.6961768273132636,809.1269558000829
217.37908526808354,1,82.84604287898024,1.3878330828451793,2.9313445171055603,839.0912146658227
173.01201598453193,1,74.80739620265605,2.4912076654119963,3.478895807236453,825.7918785097417
161.08476372988437,1,72.37109170791733,1.6419706202530138,3.103801675700313,784.2692981730268
209.79226275488406,0,75.22465892812046,1.8606027993367658,3.1538383267005567,798.4721644069624
151.0813611192484,1,80.4711911517521,2.7396531517246716,2.452240305577219,725.2151068902682
220.4126377857236,0,63.19187184691155,0.0906439124927072,2.559622955198635,673.0096569573532
114.87081978810798,1,86.14321694668872,3.3183023248526693,3.899362509175656,894.4766117080549
251.45778186628218,0,82.15381315441245,2.0726805243293414,2.6323994826183768,783.4990384493111
223.62987412065215,0,82.18185725707934,1.5885068554378199,3.8281041260286477,892.5843826354469
212.80148671569378,1,79.38475738809727,1.910765845778551,2.878469400559567,835.1439851531818
249.1345491972757,1,75.1961665769399,1.9624293550205187,3.001143968071752,856.3533960295596
283.27372222312886,0,81.7286123596682,0.2687986965550746,3.535182580114965,912.8892174253803
250.7185032509065,1,80.91814133741379,3.494938227453236,3.6359462109693284,922.2027628401993
107.95628843341774,1,71.45959289058976,2.0413256322706186,2.9445937198604564,687.8555293306028
136.02115166321494,1,69.26398227103098,2.443002130447375,2.805878473239231,721.995144181182
168.75907111521605,0,76.01856295261987,2.9515497705740428,2.972039775738893,746.5460566289047
201.3045525105417,0,90.49020151495188,0.9788375424396998,3.168978764116059,882.0810206543526
225.88295102345614,1,62.60892924346099,2.4734718990352285,3.4456518434348777,775.0460638551547
163.71280934232672,1,60.324747342475604,1.7323589091012064,3.002114929497076,696.5968669955774
209.33833822385392,1,76.64760841236517,2.846770775216494,3.3094431490115768,823.1607980642376
162.23085338233386,0,75.50887701856018,-0.12722742035149537,3.8191798661354706,857.9424895977701
169.4241098504026,0,76.73341664370409,1.900905699758731,3.1906548061323923,799.4519934071
129.66694515758888,1,77.439531979085,1.3971793442160383,3.1558264280023893,791.41817861355
153.8383376944548,1,72.76797745365195,2.4322629506341555,2.2405445874549663,717.7297547634537
132.41576971918332,1,89.89863438602082,2.470044187368202,1.6846349315854683,713.1685023494983
151.20633735113336,1,58.99096021523484,1.292374105177974,3.1941878646150843,723.3244418465965
252.682089830392,1,66.71502975219754,1.2878261358239564,2.952587884359564,785.9551938593615
152.53005555840286,1,73.96745239850952,1.8893346314426704,2.742608662542629,773.8681506496499
331.61910324186954,0,58.568111888458326,1.1033577726847918,3.1217651020931725,769.5603780493079
224.66589504404448,1,73.24145595567929,2.841983695452127,2.969798135401546,865.3749667154812
209.2418061847437,0,91.61470165728018,1.630792799552554,3.5638901253169495,877.2087566250225
157.08211099093933,1,75.20886488295962,-0.9069882193216414,3.043055434129489,833.5038565773324
235.01549397044957,1,77.30700905718683,1.6251779433781939,2.6265383574649164,784.5688182895233
171.2181086881113,0,62.3983523482742,0.9614561791560277,3.4950831194796446,711.4159566321715
206.10049073226807,0,68.83638591960522,0.36872418453905453,2.891434462526899,732.3623652604103
328.00422691343977,0,71.24803619676064,0.7625733617774275,3.2632683418361537,843.0639693885752
195.1970050137675,0,71.82284903243766,2.10940847183297,2.7612946469036,799.2933342929051
257.4636663142838,1,87.81643795003768,3.328640828248231,2.675086557251282,846.5118958794801
164.84117874370563,0,80.57691060725125,2.31318447386498,3.042084115092848,732.4763472942036
198.25057547515192,1,63.88542043062968,1.3934966117842604,3.0064143217718424,763.4491774748975
288.5400317817755,0,77.46504778432005,2.4559041951707026,3.2399135176834166,768.7883635027316
168.65164711061163,1,79.98221748496785,1.5409096897810082,2.8656771233451286,802.6368229387199
290.62242789984646,1,86.40149038521267,1.3053996308368554,2.081820108114801,822.9274388479529
235.38759677277378,1,90.80540686568374,0.8456373317670156,2.783613058205806,915.4637767060723
171.8766612052866,1,64.84905808172131,0.24817119324828085,3.396909233571908,826.6014999187933
231.62038695277604,1,66.89142488789662,1.6100762934405548,2.851311960378447,754.1906624520788
248.6277224813365,1,62.42422141085384,2.158053489920132,2.876808298742726,748.0168428311107
231.0904981108598,0,72.65980140893019,1.9033763299851103,3.4931882529529688,786.1456931772065
121.48876400547718,1,79.66358374446335,1.5840330720526414,2.6440133863705384,723.7814319973519
163.64314120875656,0,84.87334516589102,1.0542539393032189,2.2285983908785503,727.8024395100753
187.62406822242477,0,74.24048976357477,2.6082461916849686,2.919684440237253,692.6928985780638
196.2783285449977,1,71.80152476745155,0.682868080053415,2.7579130243756316,763.6706027296296
231.0336048775339,0,76.5175799224874,2.7760279138434756,2.516876840123373,692.1768881281293
208.88505004666268,1,66.64857098369977,0.9977829810732752,2.9123107720506547,785.4291229248706
133.23278206449493,0,95.89538721694774,1.247564762646965,3.2457528236233917,912.2358648308503
219.00989255029816,1,58.923389728819416,0.533214809384323,2.995355719216092,709.2776792629122
230.52928726419117,0,76.84740578895725,1.4985978531143633,3.153490536343119,744.2741931931229
227.989522396552,1,95.2360621922964,2.975312458477979,3.9067038492577115,997.3457259402472
254.0390362777311,1,75.06799844559998,2.5156280884439566,2.828560569221218,810.5302202832805
241.6961077274452,1,73.09960964998506,2.978422112028035,3.1391743173223348,827.03909192832
222.95900396142184,1,71.42554577189573,2.522142545933936,2.7453933187004327,754.5355217938632
196.49171442706765,0,73.19608318237592,0.8963301714696308,2.5768201400565136,706.9258064516055
116.95195332420043,1,88.7284847467653,1.6692107756724426,2.707546173291115,817.2062222845319
221.4809109566293,0,52.88138088670493,1.2198008708825374,2.7606207142391557,670.2243494062747
210.38438435815556,0,90.33433701296326,3.3305749040390404,3.179737898773563,782.8804549713115
213.57894185976866,0,60.76042847549855,0.8032113535736884,4.1745378933503785,808.9451059357342
136.16257120898453,1,72.33347670765585,2.8936976893891106,2.64197828186208,721.4237842533204
145.94717297958687,0,70.70755579701338,2.8929538701087694,2.7916873471922687,649.2112783546773
252.6576426666452,0,80.88553269770719,3.829620201716087,2.968438493444376,841.2392211021543
198.02224230716726,0,59.01875648116253,1.5903134073705028,3.1978994243548735,678.9294155143166
234.07503486863123,1,79.62172666081943,2.712322159580162,3.1317754059773923,849.961689130132
201.41591880652305,1,95.24309623286852,4.281651836538843,3.6420478969740584,964.9923748048902
201.48780697478725,0,61.368259954071895,1.3823583230663035,1.7868039647323959,554.7034728362728
246.9141902987999,1,76.89706167610396,0.4649597524676403,1.8065350649021636,678.5491210613271
174.1977635891313,1,68.3801782220339,0.11998996609223633,2.7520609139949253,740.1463288358093
204.80603884704917,0,79.25887206193036,2.7127120288613313,3.5486500937718546,857.3184854995598
176.8862355647479,0,75.19147777415752,0.1168497919414162,2.217175984197202,674.8427533499134
178.27518862838423,1,68.58513090955691,1.6276809470620772,1.4961838301531214,590.0117933628986
184.54139382656803,0,79.87872284871074,2.437313187038961,3.285589703109604,823.6203158824902
211.10668858168563,1,93.04348109786743,2.185175536829914,3.1218286118513574,901.1786087163249
176.06256891682614,1,73.09096208272702,2.4254448641841724,2.454895796600285,709.4164014807284
262.78780627867604,1,82.19757942148182,2.222289855800854,2.507230199639535,825.3656043425915
155.26963488902481,1,62.06727042128836,3.278865813313393,2.5151281401826626,679.8178317246502
190.65641779193206,1,65.43563623181991,1.047683619261203,3.05526765873697,839.0077256881269
178.01344708629125,1,79.72406277880377,1.3230048615414687,2.6868423619084965,817.8983082423222
272.3488942176866,0,89.84116028535965,1.227340554729176,3.2470319594877597,932.6052379287761
209.82773882557873,0,78.5561334878566,2.83019181186261,1.5726866685478045,611.4822996185911
251.59222697343174,1,71.86941969476845,2.9003985883950634,2.5715740674361003,732.5205896411333
125.7219813481514,1,74.99291405423354,2.451225319318508,2.436973019544475,708.8805501950795
213.35251329346295,1,62.495922660302824,3.1834936668899276,2.871829660813754,727.7189968185097
244.48153978117185,0,81.04515326355367,0.8219591326236193,2.7309761207549306,759.9891747166731
204.1141994637712,1,83.82333062323409,3.6672241115511373,3.3989218899478835,869.1348648302126
253.27401875326757,0,70.4790966716692,3.523238621712258,2.0703316141699712,662.8127959864282
174.1355774949814,1,70.29957852240499,2.7356219972457465,3.022745738165376,774.2958370541382
270.46737200927896,1,77.65878229652049,3.78179890877106,3.2791682116058527,878.7550651616447
314.9449061809625,0,70.63280263959405,0.3433767923222262,3.9283237182809776,908.7640120974503
181.85807197801705,0,74.33867385374178,1.4755518637373481,2.7591170144532624,708.5683282875685
177.7248739299614,1,95.99721789166516,1.2646965393180478,3.1622293021762586,907.0074724482866
272.66922385588504,1,72.52974299254004,2.721479323757343,2.0980686037188176,695.6068520851347
278.97860728653563,1,71.41659847978778,0.9498592603978544,1.804021897843488,771.0191443981299
173.85699864233658,0,68.52458194364841,2.7574951493374855,3.42238718789085,744.6186872736993
178.99065914520713,0,82.44191971499937,3.3705361439967136,2.997219853175965,760.9759603513843
185.91076955697463,0,73.18775826781896,2.6952029000839994,3.589256344899211,763.0040191630894
132.77747444828614,0,68.50626961678574,2.2837510236615013,2.3132985555151255,705.4821676928027
154.0674026757901,0,88.21304032273012,1.0121266590992508,3.259951069764376,801.7729023703039
149.7929616623966,0,89.19603004513637,1.1531490338746355,3.9344089202719266,889.9205949771441
161.6101217447936,1,68.99576434261294,3.249618905296667,3.2098528041786327,776.74807903894
198.26575563066095,1,56.33460048639384,2.7793490039053323,3.138290752795524,734.847854460127
211.71073662682605,0,85.07513689836922,1.9609804806224558,3.0042780404121747,840.7870136967225
277.52502464070386,1,68.15370174239996,1.5820904542341094,2.214559271437044,789.3942988667931
150.08229796306046,1,82.90625599162769,-0.02580787311137689,3.677786467855174,922.7938841201212
249.21611992382918,0,55.298961822881644,0.9291475813155612,2.694571180097467,629.5875872739139
189.30055778872455,1,83.92597338299309,3.9114190871397234,3.2522416281915083,842.6817640034278
197.52681451737834,0,62.88828070719219,0.7195444289975332,2.218482846714373,637.0926223515287
233.7409746083302,0,82.30764119066525,2.189479821221081,2.41027016774611,809.5876930650663
143.86389892188507,1,75.14273067836434,3.0074439731951985,3.7175436996111175,797.3913687291952
219.12048730920253,0,65.46060580603356,0.7450773319977075,2.8263488555210787,748.1246800736566
208.3226104106528,0,70.9296368707322,2.1847104747810833,3.7266377380212723,815.0235896996965
224.62256320040746,0,81.86318456956701,2.937915537510655,2.960884670470741,813.4714321768907
214.4584321953909,0,76.05894453115235,2.0124993219072502,2.0790511135210714,672.2442153874139
322.7650069955447,0,80.84412980472484,4.868403055666768,3.44603379986586,836.2495230475251
168.1130007874342,0,94.76440584515485,0.33140074112180473,2.7050538411221963,847.5960897025329
173.4501522499091,0,59.357583882889486,3.058728529883879,3.349344406758522,707.493081729584
168.84297367876178,0,91.17212574968624,1.8271982626035357,3.012605433770041,852.4323853109724
172.22614404198725,1,76.04355937523214,2.771920154836675,2.2284408860285647,711.0566168902849
168.13064363467413,1,66.01215951676872,2.4413071516992457,3.0821473826852843,729.9331254531212
259.4508265553776,1,61.696863742610105,1.2668438028900035,4.0981115710764,838.588841218764
271.0252123994927,0,73.10879609222967,2.22899639245934,3.2464932292572297,827.9971437062065
171.4626853125262,0,84.2165011192446,0.14209854860171278,2.9712411234972684,815.2336595895154
158.38222134478855,1,73.72450879622465,2.6032475005713938,3.537671700978449,796.5748707597297
223.5707778193202,1,90.11154930247348,2.2981584659905256,3.1053342326015554,883.7377638233789
172.38884778595144,1,60.48824309948441,2.6386601686431024,3.104767115131397,708.7229848585631
231.64659088777555,0,74.87911052153946,3.0581183250871504,2.4541874139204487,660.566873233286
210.14615104256498,1,62.47606555586881,2.367619840209711,3.116924012894799,730.9391342898552
124.2127942501384,1,78.63631882624968,2.1480894197982763,3.517721708208472,801.5643571749914
277.3752600665031,0,83.868873900973,1.1189316633387079,2.5819689239499874,792.66520494309
289.7938836547761,1,70.79238206318946,1.287779236350949,3.712247910623474,885.0449258922864
169.36056547578067,0,48.95786143372866,3.1867346201773312,2.954146987927437,544.2067948715015
180.6149220032008,0,76.98948146796495,3.4363354057059787,2.5561152442307296,757.1807456245228
214.29326953624525,0,79.3673855173351,1.761889563687946,3.4988160384601223,873.8224924948079
216.72283949935124,1,79.04294754961698,2.046002747253274,2.8566028821308653,795.4058355927148
232.92721363364151,1,87.35782191822155,1.095385625006234,3.379757443743054,938.4472464317797
300.5102269383175,0,64.28946320350951,3.172756845267445,2.8541206838707316,737.9108821157438
191.15263862529753,1,81.8021610545045,2.665416823691779,2.970086928235048,860.6742248149626
160.08513777307732,1,86.92507512477975,3.941217436463749,3.2467801021671456,825.3756295627121
131.03403859927363,1,57.21412415993483,1.121676922820261,3.145448528795003,737.6789272700814
163.45349800290404,1,78.19651825918977,1.6219921009817828,2.0022341097741307,690.2756711387881
198.34365135631015,0,69.95820168992329,2.2314459225255723,2.439378129952804,630.5103157727378
289.7278931758894,1,74.18477326898355,2.6464895377257704,3.464704992395408,907.5175135745806
174.11943504819143,0,78.47676483538336,1.7843323624523677,2.9339317055492264,793.7161413550843
211.18939758194492,0,70.12771435886448,1.1270389095462996,2.738134348614289,796.4135855571814
199.1788551963624,1,68.24291920838388,2.881407528923571,2.320712992371263,658.0694896352849
259.4196636724042,0,75.34152417488025,2.7211353625455814,2.460131839362076,746.1868735737788
326.3466212936811,1,64.12754061137197,1.083725899436275,1.9891006800190263,709.5897853974343
173.45656135398397,1,64.14174871114815,3.3554428011054958,2.9493596406492335,742.319321602322
175.52802787408888,0,81.79373282956503,3.1701987091966037,2.7007812097094765,690.9941254269137
252.2080438534536,0,63.51205964841344,2.1342964972477927,2.5167060545073423,636.1088673760934
234.09457448131556,0,81.66312500909211,2.0795978623760365,2.9659382874160234,777.8845177089657
292.3353662868017,0,79.6259129285395,2.5540577711159074,3.181985315426369,839.3241229876186
229.1964092662982,1,57.741932712094034,1.138296929743742,4.046598966104972,827.3523575105283
182.035395460647,1,68.22435347664344,2.0300314791640823,2.244058290218393,706.0166096611418
229.53274153461547,1,86.94109403047372,-0.15238354460918035,3.579690521650261,989.7715670785317
255.4351790291454,0,65.18834468860318,2.8764556455029355,3.486550780507536,791.5371607906735
241.0241090598682,0,70.35595737690612,0.4385067775581406,2.6104536303116497,777.5157658598744
225.36370155536488,0,79.62060893251896,3.5034198284289992,3.1016179772930155,798.3872937689491
253.3337344794577,1,82.83390509282596,1.6698799060335496,2.7711833753311925,814.7490298664372
258.4647795222836,0,72.48461113955504,1.788333018068823,3.0928442902093694,823.957839705316
269.10794955187635,1,69.02489805308359,1.3722660939154943,3.754565506702275,873.2576677042488
232.43549437948212,0,89.22369861698508,1.7119611260779237,3.3028031163156566,902.8094956360201
191.64409598415727,1,92.3889966379758,3.4185313451480366,3.254304186616721,946.2241628888024
207.33568432166615,1,84.78858050781795,-0.48780865653507943,2.7848453400226787,874.6740055894535
260.3254483254178,0,75.85318142565023,3.2769653860881878,2.2579716675378325,657.571379788922
159.15321645063818,0,66.91734278359074,2.338023481101708,2.895765894729796,652.8133118099415
218.43366544364505,1,66.69555593443435,0.7929783521427844,3.6033040774319574,884.7775706223161
180.33305938363196,1,80.22514105265758,0.9246876069507621,2.236416071705176,750.6132854868293
201.4372411467409,0,79.18398220888683,3.676393027208203,2.4724553159116525,709.5073389851528
263.92259313036493,0,89.01598592946429,1.054493120057269,3.063133868117034,895.5744143085428
209.55495340099517,1,81.50450092536138,0.8466494894040406,2.5076726075763687,825.4904330533108
202.32182740780743,0,59.96919698240182,3.137314542364729,2.6037382764423938,638.3715752080687
132.00719295100404,1,85.51947617722918,2.338552876285914,2.7882007091359116,792.775468375766
237.31267830136102,1,65.01939372685587,1.062074423463601,2.3171912979049254,705.4716399688457
232.27420905705378,0,71.16028728047648,2.216624975404619,2.512939076891816,726.803163624785
308.16273616527303,0,77.50200206251695,0.9742473163597227,3.3517139583936544,883.6273870030233
184.61108825234996,0,94.95667489783965,3.100821398422605,2.346315108884518,762.9932155010653
210.95751638319695,0,106.09918556005361,3.0613709648731335,2.2010639327525814,857.9307390081876
212.46918418553776,0,81.06723059136183,2.532006198821943,2.6849875102330527,750.8784106307704
278.8726639881737,1,73.16803381279612,2.3616610612470166,3.3659777512549227,842.7078003410577
195.2352233806524,1,80.3450564848055,3.761188124867374,2.9015390960015552,779.1158014987351
213.95107628851696,0,83.87655425873837,1.9996863273882253,2.767709460942191,753.7701671689941
230.39482548582697,0,71.79332374442808,0.8181258745791988,3.0221793987578036,760.0284120969316
209.3304561578179,0,92.95211355912322,2.449473912832307,2.127146283570174,794.6574134533053
177.67831927247357,1,77.30070759191402,4.086047049537114,3.247352826887516,785.064654358272
209.7044996449154,0,79.97743089091394,0.9852405068141479,3.1917175157018223,819.7130236096111
253.6815874929886,0,81.65924252054461,1.6385372333060142,2.7953457629521394,778.5855299425488
148.674235029447,1,79.21586610614456,2.4164460381014528,3.5029622558982085,838.7389420161095
206.64848370734381,1,83.38940500469613,1.9460951509942608,2.4362519505234808,749.1342740600005
164.99395925304134,0,68.82746813453076,1.0176964196226854,3.5639544966267844,766.2366588909299
259.7523314462421,0,69.4169824605397,3.121857856230471,3.0772468327976257,747.6560213491287
123.84065476081126,0,63.99845767028305,4.320040722017259,2.8317237050609134,638.0932173388106
172.05390763642058,1,79.39501230620226,2.196131459023907,2.9900631823158443,816.7454463882282
218.86059375322606,0,82.78936503512114,1.0959317102639998,2.946367617094529,771.1028029104704
278.27620146171705,0,79.57772866151886,0.45103947494652497,3.6101414482088585,926.0564414311797
196.71248694635062,0,91.74492433347538,2.257975981221181,2.461660436264493,786.9762401614497
172.2400236653401,1,74.94403981170953,3.103877343316258,2.6187403804267007,747.6272810160499
294.0578534720295,1,81.68741655592513,2.475167746495382,3.51815144603624,932.2540060527563
127.5993049791878,0,64.08299123860685,1.9975961590811462,2.7022325324080705,618.9291769159571
90.0597021689959,0,71.12900297525599,1.4107283482106938,3.4502665386657956,738.1283065377122
222.00072250266663,1,81.95537757565778,0.9078363672819103,3.8497179915043547,960.938337685096
174.89728878236946,1,83.49102110743144,2.834751326324882,2.799102486529183,754.0596145776447
148.93835914346434,1,72.06033052335818,2.9137716213855858,3.3406811632876527,773.5384071830496
235.41782236496766,1,74.28400748141934,0.45427021330926687,2.4231538593300708,769.2532232773873
212.19003568855993,1,59.821262533191906,3.589838978180684,3.3773666490339047,764.7247238026515
171.79606846316358,1,71.42970799193391,2.5740712208940013,3.0997119929933836,813.0763914594635
135.9847800664553,1,83.90383163519786,3.3995946451457932,3.2365191410801075,804.0152914278663
243.62286641400723,1,80.75205016106567,0.6578722515148849,2.6772139639823025,821.7755024908781
232.51005889793305,1,80.00665721381209,0.6341758445845611,2.169458292216414,761.5163629744263
195.04120681103086,0,75.49773687180961,1.8510306902327032,3.2516260323747526,757.6157563965754
292.3318498023833,0,75.07063158628176,2.502784426895194,1.9682984237602728,682.9054860863079
146.49576168369236,0,68.39678860526553,3.796360822926964,2.8413247538787325,684.5247576264165
123.72374145376305,1,81.98828420202534,2.7060789138151318,3.470590933209985,810.1865310589251
165.40459650593777,0,79.20972944389389,1.7573187231879666,3.095948867936518,783.6070768887976
197.7206991822251,1,79.92018847992799,0.9736307923341079,3.9741713223949064,885.0850494063518
212.16697246613458,1,69.7396515733242,3.23000057271915,3.5125545762908867,806.8970561083192
187.9381971071835,0,53.46657080128756,1.0352945742492852,2.673050805837212,608.3694083947183
217.60276982571483,1,85.97152711753695,3.6284685547723217,3.0136566899257193,903.9857941328128
137.4230287904778,0,70.21162543991596,1.7156153503934908,2.976314648727782,692.0008838210814
272.18823020366295,0,66.37224235956879,3.5905820726178503,2.2089116183269364,586.9033638026629
195.89244108037155,0,81.93478911913994,2.6789312900592783,2.5298005417578233,673.8442402052376
255.8647915794064,1,71.07987360080871,1.8630045105575417,2.71961954651007,787.6845609295788
217.13626731888522,0,85.59936384046622,1.4806036281738733,1.9818897485720317,738.3610171109354
222.8376609576892,1,81.17005949576698,1.6590921226539201,3.0237467341258215,864.31655587254
228.4883640116102,0,81.83569323200477,2.4283166923752377,2.8754640776734797,791.7129921834542
222.38542800086574,0,61.340442887994655,2.0771564962177167,2.163553049344213,648.3464563378202
232.1361379933772,0,87.11943985386401,1.4061885919312949,3.202106432638666,841.6262889884483
266.4576265066216,1,77.61250531233856,1.8343685896823678,3.35793637234548,915.5886078335326
209.8260584850735,1,71.30722860753797,2.07857702971915,3.1135172394324444,753.054679375487
235.4501878794256,1,76.43388467342251,-0.1287340944148121,2.8379659123955148,807.830014502383
195.51321528563867,0,57.2376476710168,2.4581681147886987,3.295721075875927,634.7240305896546
272.0058607724736,0,79.08652811480671,1.0202787752831932,3.3401101802383457,846.9984422111792
166.1803848970365,1,64.70628491817928,0.846667596794255,3.153701784859844,762.1372830394662
290.0470216455408,1,61.47329714156466,0.31265565288928965,2.5876938747826195,761.4558722467583
197.99210246778284,1,59.77640813782109,0.2061075021321097,3.1383003827555904,761.5035557638489
128.4612448940976,1,86.12688374989925,0.6445524968877108,3.5977403254127394,870.36694884459
206.40522074553945,1,68.70736606307212,1.2909790423695096,2.7016854706941347,748.2909720014524
165.94741712625597,1,90.337277099165,3.953259137526568,4.048969669566215,905.1010695821363
242.0321774494362,0,69.64198536947703,1.474120324104796,2.7371845330073077,769.1001348857535
167.36880103488045,1,57.92642042407053,2.1777501062680313,3.016203506670068,694.0505700551794
177.690828339261,0,63.83475560051341,2.400481386506329,2.663757201996832,635.7235149355067
105.52296345272345,0,87.35811620006939,2.1310651862158485,3.11163541796013,827.0731625138857
177.38468403754615,1,73.44101822063332,1.9225565392740063,2.1288891536823624,662.293387090959
78.80603366855216,1,69.51712703509399,0.8047062364007553,2.7269791005916395,667.8718862839434
120.80485882571384,0,76.60018225852788,3.450927548279212,2.4539393998257166,621.4013954592189
238.02073280721487,1,80.01782736167544,3.8071966436378855,3.0676691739461455,835.758312719236
239.2900079325416,1,86.1739881590246,0.31734130587731424,3.497223687754454,960.0128493671939
221.27287808924825,0,89.48499229892926,0.9759714091136205,3.3230030935572756,902.7922598473967
151.65119284353935,0,71.40231354210914,1.7201896576229938,1.8141703195705539,674.2121590379897
197.614432192901,0,61.73952313917962,1.0354622050898086,4.02103482646394,731.7707187618215
199.81987304547158,1,70.86534838876725,2.5059655534558654,3.147639970310434,812.2030876367893
142.08176554037286,0,77.60280506582886,1.271727797593387,2.6117504297534997,690.7987559215799
275.1699150883575,1,65.3624107378939,4.165056067806603,3.0785639594954706,763.0103920384661
243.86811452878356,0,65.42849085104957,3.1905485943435963,3.0880949112513463,707.387352853722
188.95179130851682,0,78.43787881549885,2.212574030632215,2.666575641524218,703.9340234536131
201.34429194972654,0,74.5134764842955,3.026986263319732,3.0989583336710376,803.4012441683507
210.41914039737762,1,75.32796995411587,3.105900424357309,2.696263856189846,795.6857211550968
97.91325657878546,1,67.41504665299931,1.4360525119417566,2.797819003654989,702.1491161571918
187.64113087397016,0,72.69599285794233,1.1837827554580351,2.656860432122458,751.6792179589722
165.90078760011008,0,65.75766855731696,2.0781430629696476,2.2836643551301736,573.9478725109944
149.91899950525422,0,83.90198411124787,2.8616361244979442,3.072918235107692,733.2237286347284
185.94498535570224,1,85.35249334723753,2.1390603986534176,3.292649718258169,812.2702952874808
289.88432634247613,0,56.53812137761906,0.4230035178090028,3.2574417980381862,728.1644784813634
232.0421430633505,1,65.7048913980759,1.1971755560491577,3.409962626317617,828.4209913944675
171.44105051086015,0,60.03470744909921,1.926027136405622,3.162170105007434,685.9365589755834
228.62913906780793,0,68.49976065593101,1.9243343956741696,2.7336372508915483,715.4140112777687
